Material,Use,Su,Sy,E,G,mu,Ro
ANSI Steel SAE 1015 as-rolled,Yes,421,314,207000,79000,0.3,7860
ANSI Steel SAE 1015 normalized,Yes,424,324,207000,79000,0.3,7860
ANSI Steel SAE 1015 annealed,Yes,386,284,207000,79000,0.3,7860
ANSI Steel SAE 1020 as-rolled,Yes,448,331,207000,79000,0.3,7860
ANSI Steel SAE 1020 normalized,Yes,441,346,207000,79000,0.3,7860
ANSI Steel SAE 1020 annealed,Yes,395,295,207000,79000,0.3,7860
ANSI Steel SAE 1022 as-rolled,Yes,503,359,207000,79000,0.3,7860
ANSI Steel SAE 1022 normalized,Yes,483,359,207000,79000,0.3,7860
ANSI Steel SAE 1022 annealed,Yes,450,317,207000,79000,0.3,7860
ANSI Steel SAE 1030 as-rolled,Yes,552,345,207000,79000,0.3,7860
ANSI Steel SAE 1030 normalized,Yes,517,345,207000,79000,0.3,7860
ANSI Steel SAE 1030 annealed,Yes,464,341,207000,79000,0.3,7860
ANSI Steel SAE 1030 tempered at 400 F,No,848,648,207000,79000,0.3,7860
ANSI Steel SAE 1040 as-rolled,Yes,621,414,207000,79000,0.3,7860
ANSI Steel SAE 1040 normalized,Yes,590,374,207000,79000,0.3,7860
ANSI Steel SAE 1040 annealed,Yes,519,353,207000,79000,0.3,7860
ANSI Steel SAE 1040 tempered at 400 F,No,779,593,207000,79000,0.3,7860
ANSI Steel SAE 1050 as-rolled,No,724,414,207000,79000,0.3,7860
ANSI Steel SAE 1050 normalized,No,748,427,207000,79000,0.3,7860
ANSI Steel SAE 1050 annealed,Yes,636,365,207000,79000,0.3,7860
ANSI Steel SAE 1050 tempered at 600 F,No,979,724,207000,79000,0.3,7860
ANSI Steel SAE 1060 as-rolled,No,814,483,207000,79000,0.3,7860
ANSI Steel SAE 1060 normalized,No,776,421,207000,79000,0.3,7860
ANSI Steel SAE 1060 annealed,Yes,626,372,207000,79000,0.3,7860
ANSI Steel SAE 1060 tempered at 600 F,No,1103,779,207000,79000,0.3,7860
ANSI Steel SAE 1080 as-rolled,No,965,586,207000,79000,0.3,7860
ANSI Steel SAE 1080 normalized,No,1010,524,207000,79000,0.3,7860
ANSI Steel SAE 1080 annealed,Yes,615,376,207000,79000,0.3,7860
ANSI Steel SAE 1080 tempered at 600 F,No,1303,979,207000,79000,0.3,7860
ANSI Steel SAE 1095 as-rolled,No,965,572,207000,79000,0.3,7860
ANSI Steel SAE 1095 normalized,No,1014,500,207000,79000,0.3,7860
ANSI Steel SAE 1095 annealed,Yes,657,379,207000,79000,0.3,7860
ANSI Steel SAE 1095 tempered at 400 F,No,1289,827,207000,79000,0.3,7860
ANSI Steel SAE 1117 as-rolled,Yes,487,305,207000,79000,0.3,7860
ANSI Steel SAE 1117 normalized,Yes,467,303,207000,79000,0.3,7860
ANSI Steel SAE 1117 annealed,Yes,429,279,207000,79000,0.3,7860
ANSI Steel SAE 1118 as-rolled,Yes,521,316,207000,79000,0.3,7860
ANSI Steel SAE 1118 normalized,Yes,477,319,207000,79000,0.3,7860
ANSI Steel SAE 1118 annealed,Yes,450,284,207000,79000,0.3,7860
ANSI Steel SAE 1137 as-rolled,Yes,627,379,207000,79000,0.3,7860
ANSI Steel SAE 1137 normalized,Yes,669,396,207000,79000,0.3,7860
ANSI Steel SAE 1137 annealed,Yes,584,345,207000,79000,0.3,7860
ANSI Steel SAE 1137 tempered at 400 F,No,1082,938,207000,79000,0.3,7860
ANSI Steel SAE 1141 as-rolled,Yes,676,359,207000,79000,0.3,7860
ANSI Steel SAE 1141 normalized,No,707,405,207000,79000,0.3,7860
ANSI Steel SAE 1141 annealed,Yes,598,353,207000,79000,0.3,7860
ANSI Steel SAE 1141 tempered at 400 F,No,1634,1213,207000,79000,0.3,7860
ANSI Steel SAE 1144 as-rolled,No,703,421,207000,79000,0.3,7860
ANSI Steel SAE 1144 normalized,Yes,667,400,207000,79000,0.3,7860
ANSI Steel SAE 1144 annealed,Yes,584,346,207000,79000,0.3,7860
ANSI Steel SAE 1144 tempered at 400 F,No,876,627,207000,79000,0.3,7860
ANSI Steel SAE 1340 normalized,No,836,558,207000,79000,0.3,7860
ANSI Steel SAE 1340 annealed,No,703,436,207000,79000,0.3,7860
ANSI Steel SAE 1340 tempered at 400 F,No,1806,1593,207000,79000,0.3,7860
ANSI Steel SAE 3140 normalized,No,891,600,207000,79000,0.3,7860
ANSI Steel SAE 3140 annealed,No,689,422,207000,79000,0.3,7860
ANSI Steel SAE 4037 tempered at 400 F,No,1027,758,207000,79000,0.3,7860
ANSI Steel SAE 4042 tempered at 400 F,No,1800,1662,207000,79000,0.3,7860
ANSI Steel SAE 4130 normalized,Yes,669,436,207000,79000,0.3,7860
ANSI Steel SAE 4130 annealed,Yes,560,360,207000,79000,0.3,7860
ANSI Steel SAE 4130 tempered at 400 F,No,1627,1462,207000,79000,0.3,7860
ANSI Steel SAE 4140 normalized,No,1020,655,207000,79000,0.3,7860
ANSI Steel SAE 4140 annealed,Yes,655,417,207000,79000,0.3,7860
ANSI Steel SAE 4140 tempered at 400 F,No,1772,1641,207000,79000,0.3,7860
ANSI Steel SAE 4150 normalized,No,1155,734,207000,79000,0.3,7860
ANSI Steel SAE 4150 annealed,No,729,379,207000,79000,0.3,7860
ANSI Steel SAE 4150 tempered at 400 F,No,1931,1724,207000,79000,0.3,7860
ANSI Steel SAE 4320 normalized,No,793,464,207000,79000,0.3,7860
ANSI Steel SAE 4320 annealed,Yes,579,425,207000,79000,0.3,7860
ANSI Steel SAE 4340 normalized,No,1279,862,207000,79000,0.3,7860
ANSI Steel SAE 4340 annealed,No,745,472,207000,79000,0.3,7860
ANSI Steel SAE 4340 tempered at 400 F,No,1875,1675,207000,79000,0.3,7860
ANSI Steel SAE 4620 normalized,Yes,574,366,207000,79000,0.3,7860
ANSI Steel SAE 4620 annealed,Yes,512,372,207000,79000,0.3,7860
ANSI Steel SAE 4820 normalized,No,755,484,207000,79000,0.3,7860
ANSI Steel SAE 4820 annealed,Yes,681,464,207000,79000,0.3,7860
ANSI Steel SAE 5046 tempered at 400 F,No,1744,1407,207000,79000,0.3,7860
ANSI Steel SAE 5130 tempered at 400 F,No,1613,1517,207000,79000,0.3,7860
ANSI Steel SAE 5140 normalized,No,793,472,207000,79000,0.3,7860
ANSI Steel SAE 5140 annealed,Yes,572,293,207000,79000,0.3,7860
ANSI Steel SAE 5140 tempered at 400 F,No,1793,1641,207000,79000,0.3,7860
ANSI Steel SAE 5150 normalized,No,870,529,207000,79000,0.3,7860
ANSI Steel SAE 5150 annealed,Yes,676,357,207000,79000,0.3,7860
ANSI Steel SAE 5150 tempered at 400 F,No,1944,1731,207000,79000,0.3,7860
ANSI Steel SAE 5160 normalized,No,957,531,207000,79000,0.3,7860
ANSI Steel SAE 5160 annealed,No,722,276,207000,79000,0.3,7860
ANSI Steel SAE 5160 tempered at 400 F,No,2220,1793,207000,79000,0.3,7860
ANSI Steel SAE 6150 normalized,No,939,615,207000,79000,0.3,7860
ANSI Steel SAE 6150 annealed,Yes,667,412,207000,79000,0.3,7860
ANSI Steel SAE 6150 tempered at 400 F,No,1931,1689,207000,79000,0.3,7860
ANSI Steel SAE 8620 normalized,Yes,633,357,207000,79000,0.3,7860
ANSI Steel SAE 8620 annealed,Yes,536,385,207000,79000,0.3,7860
ANSI Steel SAE 8630 normalized,Yes,650,429,207000,79000,0.3,7860
ANSI Steel SAE 8630 annealed,Yes,564,372,207000,79000,0.3,7860
ANSI Steel SAE 8630 tempered at 400 F,No,1641,1503,207000,79000,0.3,7860
ANSI Steel SAE 8640 tempered at 400 F,No,1862,1669,207000,79000,0.3,7860
ANSI Steel SAE 8650 normalized,No,1024,688,207000,79000,0.3,7860
ANSI Steel SAE 8650 annealed,No,715,386,207000,79000,0.3,7860
ANSI Steel SAE 8650 tempered at 400 F,No,1937,1675,207000,79000,0.3,7860
ANSI Steel SAE 8660 tempered at 800 F,No,1634,1551,207000,79000,0.3,7860
ANSI Steel SAE 8740 normalized,No,929,607,207000,79000,0.3,7860
ANSI Steel SAE 8740 annealed,No,695,415,207000,79000,0.3,7860
ANSI Steel SAE 8740 tempered at 400 F,No,1999,1655,207000,79000,0.3,7860
ANSI Steel SAE 9255 normalized,No,933,579,207000,79000,0.3,7860
ANSI Steel SAE 9255 annealed,No,774,486,207000,79000,0.3,7860
ANSI Steel SAE 9255 tempered at 400 F,No,2103,2048,207000,79000,0.3,7860
ANSI Steel SAE 9260 tempered at 800 F,No,1758,1503,207000,79000,0.3,7860
ANSI Steel SAE 9310 normalized,No,907,571,207000,79000,0.3,7860
ANSI Steel SAE 9310 annealed,No,820,440,207000,79000,0.3,7860
ANSI Steel SAE 30201 annealed,No,793,379,193000,743000,0.3,8030
ANSI Steel SAE 30201 1/4-hard,No,862,517,193000,743000,0.3,8030
ANSI Steel SAE 30201 1/2-hard,No,1034,758,193000,743000,0.3,8030
ANSI Steel SAE 30201 3/4-hard,No,1207,931,193000,743000,0.3,8030
ANSI Steel SAE 30201 Full-hard,No,1276,965,193000,743000,0.3,8030
ANSI Steel SAE 30202 annealed,No,724,379,193000,743000,0.3,8030
ANSI Steel SAE 30202 1/4-hard,No,862,517,193000,743000,0.3,8030
ANSI Steel SAE 30301 annealed,No,758,276,193000,743000,0.3,8030
ANSI Steel SAE 30301 1/4-hard,No,862,517,193000,743000,0.3,8030
ANSI Steel SAE 30301 1/2-hard,No,1034,758,193000,743000,0.3,8030
ANSI Steel SAE 30301 3/4-hard,No,1207,931,193000,743000,0.3,8030
ANSI Steel SAE 30301 Full-hard,No,1276,965,193000,743000,0.3,8030
ANSI Steel SAE 30302 annealed,No,621,255,193000,743000,0.3,8030
ANSI Steel SAE 30302 1/4-hard,No,862,517,193000,743000,0.3,8030
ANSI Steel SAE 30302B annealed,No,655,276,193000,743000,0.3,8030
ANSI Steel SAE 30303 annealed,No,621,241,193000,743000,0.3,8030
ANSI Steel SAE 30304 annealed,No,586,241,193000,743000,0.3,8030
ANSI Steel SAE 30304L annealed,No,552,207,193000,743000,0.3,8030
ANSI Steel SAE 30305 annealed,No,586,255,193000,743000,0.3,8030
ANSI Steel SAE 30308 annealed,No,586,241,193000,743000,0.3,8030
ANSI Steel SAE 30309 annealed,No,621,276,193000,743000,0.3,8030
ANSI Steel SAE 30310 annealed,No,655,276,193000,743000,0.3,8030
ANSI Steel SAE 30314 annealed,No,689,345,193000,743000,0.3,8030
ANSI Steel SAE 30316 annealed,No,586,241,193000,743000,0.3,8030
ANSI Steel SAE 30316L annealed,No,538,207,193000,743000,0.3,8030
ANSI Steel SAE 30317 annealed,No,621,276,193000,743000,0.3,8030
ANSI Steel SAE 30321 annealed,No,600,241,193000,743000,0.3,8030
ANSI Steel SAE 30347 annealed,No,634,241,193000,743000,0.3,8030
ANSI Steel SAE 30348 annealed,No,634,241,193000,743000,0.3,8030
ANSI Steel SAE 51403 annealed,No,517,276,200000,769000,0.3,8030
ANSI Steel SAE 51403 tempered at 400 F,No,1310,1000,200000,769000,0.3,8030
ANSI Steel SAE 51405 annealed,No,483,276,200000,769000,0.3,8030
ANSI Steel SAE 51410 annealed,No,517,276,200000,769000,0.3,8030
ANSI Steel SAE 51410 tempered at 400 F,No,1310,1000,200000,769000,0.3,8030
ANSI Steel SAE 51414 annealed,No,827,655,200000,769000,0.3,8030
ANSI Steel SAE 51414 tempered at 400 F,No,1379,1034,200000,769000,0.3,8030
ANSI Steel SAE 51416 annealed,No,517,276,200000,769000,0.3,8030
ANSI Steel SAE 51416 tempered at 400 F,No,1310,1000,200000,769000,0.3,8030
ANSI Steel SAE 51420 annealed,No,655,345,200000,769000,0.3,8030
ANSI Steel SAE 51420 tempered at 600 F,No,1586,1344,200000,769000,0.3,8030
ANSI Steel SAE 51430 annealed,No,517,310,200000,769000,0.3,8030
ANSI Steel SAE 51430F annealed,No,552,379,200000,769000,0.3,8030
ANSI Steel SAE 51431 annealed,No,862,655,200000,769000,0.3,8030
ANSI Steel SAE 51431 tempered at 400 F,No,1413,1069,200000,769000,0.3,8030
ANSI Steel SAE 51440A annealed,No,724,414,200000,769000,0.3,8030
ANSI Steel SAE 51440A tempered at 600 F,No,1793,1655,200000,769000,0.3,8030
ANSI Steel SAE 51440C annealed,No,758,448,200000,769000,0.3,8030
ANSI Steel SAE 51440C tempered at 600 F,No,1965,1896,200000,769000,0.3,8030
ANSI Steel SAE 51446 annealed,No,552,345,200000,769000,0.3,8030
ANSI Steel SAE 51501 annealed,No,483,207,200000,769000,0.3,8030
ANSI Steel SAE 51502 annealed,No,483,207,200000,769000,0.3,8030
ANSI Grey cast iron class 20,No,138,138,80000,32000,0.25,7160
ANSI Grey cast iron class 25,No,172,172,98000,39000,0.25,7160
ANSI Grey cast iron class 30,No,207,207,100000,40000,0.25,7160
ANSI Grey cast iron class 35,No,241,241,110000,44000,0.25,7160
ANSI Grey cast iron class 40,No,276,276,117000,47000,0.25,7160
ANSI Grey cast iron class 50,No,345,345,124000,50000,0.25,7160
ANSI Grey cast iron class 60,No,414,414,137000,55000,0.25,7160
ANSI Malleable cast iron,No,276,207,172000,68000,0.27,7160
ANSI Malleable cast iron,No,414,317,172000,68000,0.27,7160
ANSI Malleable cast iron,No,552,427,172000,68000,0.27,7160
ANSI Malleable cast iron,No,689,538,172000,68000,0.27,7160
ANSI Nodular cast iron,No,414,276,159000,66000,0.2,7160
ANSI Nodular cast iron,No,552,365,159000,66000,0.2,7160
ANSI Nodular cast iron,No,689,455,159000,66000,0.2,7160
ANSI Nodular cast iron,No,827,552,159000,66000,0.2,7160
ANSI Copper Alloy C80100,No,172,62,108000,40000,0.35,8930
ANSI High-Copper Alloy C81300,No,365,248,108000,40000,0.35,8930
ANSI High-Copper Alloy C81500,No,352,276,108000,40000,0.35,8930
ANSI High-Copper Alloy C81700,No,634,469,108000,40000,0.35,8930
ANSI Red brass C83300,No,221,69,100000,37000,0.34,8500
ANSI Red brass C83400,No,241,69,100000,37000,0.34,8500
ANSI Red brass C83600,No,255,117,100000,37000,0.34,8500
ANSI Red brass C83800,No,241,110,100000,37000,0.34,8500
ANSI Semi-red Brass C84200,No,241,97,100000,37000,0.34,8500
ANSI Semi-red Brass C84400,No,234,97,100000,37000,0.34,8500
ANSI Semi-red Brass C84500,No,241,97,100000,37000,0.34,8500
ANSI Semi-red Brass C84800,No,241,97,100000,37000,0.34,8500
ANSI Yellow Brass C85200,No,262,90,100000,37000,0.34,8500
ANSI Yellow Brass C85400,No,234,83,100000,37000,0.34,8500
ANSI Yellow Brass C85500,No,414,159,100000,37000,0.34,8500
ANSI Yellow Brass C85700,No,345,124,100000,37000,0.34,8500
ANSI Yellow Brass C85800,No,379,207,100000,37000,0.34,8500
ANSI Manganese Bronze C86100,No,655,345,120000,45000,0.31,8800
ANSI Manganese Bronze C86200,No,655,331,120000,45000,0.31,8800
ANSI Manganese Bronze C86300,No,793,572,120000,45000,0.31,8800
ANSI Manganese Bronze C86400,No,448,172,120000,45000,0.31,8800
ANSI Manganese Bronze C86500,No,490,193,120000,45000,0.31,8800
ANSI Manganese Bronze C86700,No,586,290,120000,45000,0.31,8800
ANSI Manganese Bronze C86800,No,565,262,120000,45000,0.31,8800
ANSI Silicon Brass C87200,No,379,172,120000,45000,0.31,8800
ANSI Silicon Bronze C87400,No,379,165,120000,45000,0.31,8800
ANSI Silicon Bronze C87500,No,462,207,120000,45000,0.31,8800
ANSI Silicon Bronze C87600,No,455,221,120000,45000,0.31,8800
ANSI Silicon Bronze C87800,No,586,345,120000,45000,0.31,8800
ANSI Silicon Bronze C87900,No,483,241,120000,45000,0.31,8800
ANSI Tin Bronze C90200,No,262,110,120000,45000,0.31,8800
ANSI Tin Bronze C90300,No,310,145,120000,45000,0.31,8800
ANSI Tin Bronze C90500,No,310,152,120000,45000,0.31,8800
ANSI Tin Bronze C90700,No,303,152,120000,45000,0.31,8800
ANSI Tin Bronze C90900,No,276,138,120000,45000,0.31,8800
ANSI Tin Bronze C91000,No,221,172,120000,45000,0.31,8800
ANSI Tin Bronze C91100,No,241,172,120000,45000,0.31,8800
ANSI Tin Bronze C91300,No,241,207,120000,45000,0.31,8800
ANSI Tin Bronze C91600,No,303,152,120000,45000,0.31,8800
ANSI Tin Bronze C91700,No,303,152,120000,45000,0.31,8800
ANSI Leaded Tin Bronze C92200,No,276,138,120000,45000,0.31,8800
ANSI Leaded Tin Bronze C92300,No,276,138,120000,45000,0.31,8800
ANSI Leaded Tin Bronze C92500,No,303,138,120000,45000,0.31,8800
ANSI Leaded Tin Bronze C92600,No,303,138,120000,45000,0.31,8800
ANSI Leaded Tin Bronze C92700,No,290,145,120000,45000,0.31,8800
ANSI Leaded Tin Bronze C92800,No,276,207,120000,45000,0.31,8800
ANSI Leaded Tin Bronze C92900,No,324,179,120000,45000,0.31,8800
ANSI High Leaded Tin Bronze C93200,No,241,124,120000,45000,0.31,8800
ANSI High Leaded Tin Bronze C93400,No,221,110,120000,45000,0.31,8800
ANSI High Leaded Tin Bronze C93500,No,221,110,120000,45000,0.31,8800
ANSI High Leaded Tin Bronze C93700,No,241,124,120000,45000,0.31,8800
ANSI High Leaded Tin Bronze C93800,No,207,110,120000,45000,0.31,8800
ANSI High Leaded Tin Bronze C93900,No,221,152,120000,45000,0.31,8800
ANSI High Leaded Tin Bronze C94300,No,186,90,120000,45000,0.31,8800
ANSI High Leaded Tin Bronze C94400,No,221,110,120000,45000,0.31,8800
ANSI High Leaded Tin Bronze C94500,No,172,83,120000,45000,0.31,8800
ANSI Nickel-Tin Bronze C94700,No,345,159,120000,45000,0.31,8800
ANSI Nickel-Tin Bronze C94800,No,310,159,120000,45000,0.31,8800
ANSI Aluminum Bronze C95200,No,552,186,120000,45000,0.32,8800
ANSI Aluminum Bronze C95300,No,517,186,120000,45000,0.32,8800
ANSI Aluminum Bronze C95400,No,586,241,120000,45000,0.32,8800
ANSI Aluminum Bronze C95500,No,689,303,120000,45000,0.32,8800
ANSI Aluminum Bronze C95600,No,517,234,120000,45000,0.32,8800
ANSI Aluminum Bronze C95700,No,655,310,120000,45000,0.32,8800
ANSI Aluminum Bronze C95800,No,655,262,120000,45000,0.32,8800
ANSI Copper-Nickel C96200,No,310,172,100000,37000,0.34,8500
ANSI Copper-Nickel C96300,No,517,379,100000,37000,0.34,8500
ANSI Copper-Nickel C96400,No,469,255,100000,37000,0.34,8500
ANSI Copper-Nickel C96600,No,758,483,100000,37000,0.34,8500
ANSI Nickel Silver C97300,No,241,117,100000,37000,0.34,8500
ANSI Nickel Silver C97400,No,262,117,100000,37000,0.34,8500
ANSI Nickel Silver C97600,No,310,165,100000,37000,0.34,8500
ANSI Nickel Silver C97800,No,379,207,100000,37000,0.34,8500
ANSI Special Alloy C99300,No,655,379,100000,37000,0.34,8500
ANSI Special Alloy C99400,No,455,234,100000,37000,0.34,8500
ANSI Special Alloy C99500,No,483,276,100000,37000,0.34,8500
ANSI Special Alloy C99700,No,379,172,100000,37000,0.34,8500
ANSI Special Alloy C99750,No,448,221,100000,37000,0.34,8500
ANSI Copper Alloy C10100,No,221,69,108000,40000,0.35,8930
ANSI Copper Alloy C15000,No,200,41,108000,40000,0.35,8930
ANSI Copper Alloy C15500,No,276,124,108000,40000,0.35,8930
ANSI Copper Alloy C15715,No,359,303,108000,40000,0.35,8930
ANSI Copper Alloy C15720,No,441,372,108000,40000,0.35,8930
ANSI Copper Alloy C15760,No,483,448,108000,40000,0.35,8930
ANSI Copper Alloy C16200,No,241,48,108000,40000,0.35,8930
ANSI Copper Alloy C16500,No,276,97,108000,40000,0.35,8930
ANSI Copper Alloy C17000,No,483,221,108000,40000,0.35,8930
ANSI Copper Alloy C17300,No,469,172,108000,40000,0.35,8930
ANSI Copper Alloy C17500,No,310,172,108000,40000,0.35,8930
ANSI Copper Alloy C18200,No,234,97,108000,40000,0.35,8930
ANSI Copper Alloy C18900,No,262,62,108000,40000,0.35,8930
ANSI Copper Alloy C19000,No,262,138,108000,40000,0.35,8930
ANSI Copper Alloy C19100,No,248,69,108000,40000,0.35,8930
ANSI Copper Alloy C19200,No,255,76,108000,40000,0.35,8930
ANSI Copper Alloy C19400,No,310,165,108000,40000,0.35,8930
ANSI Copper Alloy C19500,No,552,448,108000,40000,0.35,8930
ANSI Copper Alloy C21000,No,234,69,108000,40000,0.35,8930
ANSI Commercial bronze C22000,No,255,69,105000,40000,0.32,8800
ANSI Red brass C23000,No,269,69,105000,40000,0.32,8800
ANSI Low brass C24000,No,290,83,105000,40000,0.32,8800
ANSI Cartridge brass C26000,No,303,76,105000,40000,0.32,8800
ANSI Yellow brass C26800,No,317,97,105000,40000,0.32,8800
ANSI Muntz metal C28000,No,372,145,105000,40000,0.32,8800
ANSI Leaded commercial bronze C31400,No,255,83,105000,40000,0.32,8800
ANSI Low-leaded brass C33000,No,324,103,105000,40000,0.32,8800
ANSI High-leaded brass C34200,No,338,117,105000,40000,0.32,8800
ANSI Medium-leaded brass C35000,No,310,90,105000,40000,0.32,8800
ANSI Leaded Muntz metal C36500 As hot rolled,No,372,138,105000,40000,0.32,8800
ANSI Architectural bronze C38500 As extruded,No,414,138,105000,40000,0.32,8800
ANSI Copper Alloy C40500,No,269,83,105000,40000,0.32,8800
ANSI Copper Alloy C40800,No,290,90,105000,40000,0.32,8800
ANSI Copper Alloy C41100,No,269,76,105000,40000,0.32,8800
ANSI Copper Alloy C41300,No,283,83,105000,40000,0.32,8800
ANSI Copper Alloy C41500,No,317,117,105000,40000,0.32,8800
ANSI Copper Alloy C42200,No,296,103,105000,40000,0.32,8800
ANSI Copper Alloy C42500,No,310,124,105000,40000,0.32,8800
ANSI Copper Alloy C43000,No,317,124,105000,40000,0.32,8800
ANSI Copper Alloy C43400,No,310,103,105000,40000,0.32,8800
ANSI Copper Alloy C43500,No,317,110,105000,40000,0.32,8800
ANSI Copper Alloy C44300,No,331,124,105000,40000,0.32,8800
ANSI Copper Alloy C46400,No,379,172,105000,40000,0.32,8800
ANSI Copper Alloy C48200,No,386,172,105000,40000,0.32,8800
ANSI Copper Alloy C48500,No,393,172,105000,40000,0.32,8800
ANSI Copper Alloy C50500,No,276,97,105000,40000,0.32,8800
ANSI Copper Alloy C51000,No,324,131,105000,40000,0.32,8800
ANSI Copper Alloy C51100,No,317,345,105000,40000,0.32,8800
ANSI Copper Alloy C52100,No,379,165,105000,40000,0.32,8800
ANSI Copper Alloy C52400,No,455,193,105000,40000,0.32,8800
ANSI Copper Alloy C54400,No,303,131,105000,40000,0.32,8800
ANSI Copper Alloy C60800,No,414,186,105000,40000,0.32,8800
ANSI Copper Alloy C61000,No,359,117,105000,40000,0.32,8800
ANSI Copper Alloy C61300,No,483,207,105000,40000,0.32,8800
ANSI Copper Alloy C61400,No,524,228,105000,40000,0.32,8800
ANSI Copper Alloy C61500,No,483,152,105000,40000,0.32,8800
ANSI Copper Alloy C61800,No,552,269,105000,40000,0.32,8800
ANSI Copper Alloy C61900,No,634,338,105000,40000,0.32,8800
ANSI Copper Alloy C62300,No,517,241,105000,40000,0.32,8800
ANSI Copper Alloy C62400,No,621,276,105000,40000,0.32,8800
ANSI Copper Alloy C62500 As extruded,No,689,379,105000,40000,0.32,8800
ANSI Copper Alloy C63000,No,621,345,105000,40000,0.32,8800
ANSI Copper Alloy C63200,No,621,310,105000,40000,0.32,8800
ANSI Copper Alloy C63800,No,565,372,105000,40000,0.32,8800
ANSI Copper Alloy C64200,No,517,241,105000,40000,0.32,8800
ANSI Copper Alloy C65100,No,276,103,105000,40000,0.32,8800
ANSI Copper Alloy C65500,No,386,145,105000,40000,0.32,8800
ANSI Copper Alloy C66700,No,316,83,105000,40000,0.32,8800
ANSI Copper Alloy C67400,No,483,234,105000,40000,0.32,8800
ANSI Copper Alloy C67500,No,448,207,105000,40000,0.32,8800
ANSI Copper Alloy C68700,No,414,186,105000,40000,0.32,8800
ANSI Copper Alloy C68800,No,565,379,105000,40000,0.32,8800
ANSI Copper Alloy C69000,No,565,359,105000,40000,0.32,8800
ANSI Copper Alloy C69400,No,552,276,105000,40000,0.32,8800
ANSI Copper Alloy C70400,No,262,276,105000,40000,0.32,8800
ANSI Copper Alloy C70600,No,303,110,105000,40000,0.32,8800
ANSI Copper Alloy C71000,No,338,90,105000,40000,0.32,8800
ANSI Copper Alloy C71500,No,372,138,105000,40000,0.32,8800
ANSI Copper Alloy C72200,No,317,124,105000,40000,0.32,8800
ANSI Copper Alloy C72500,No,379,152,105000,40000,0.32,8800
ANSI Copper Alloy C73500,No,345,103,105000,40000,0.32,8800
ANSI Copper Alloy C74500,No,338,124,105000,40000,0.32,8800
ANSI Copper Alloy C75200,No,386,172,105000,40000,0.32,8800
ANSI Copper Alloy C75400,No,365,124,105000,40000,0.32,8800
ANSI Copper Alloy C75700,No,359,124,105000,40000,0.32,8800
ANSI Copper Alloy C76390,No,621,586,105000,40000,0.32,8800
ANSI Copper Alloy C77000,No,414,186,105000,40000,0.32,8800
ANSI Copper Alloy C78200,No,365,159,105000,40000,0.32,8800
ANSI Aluminum Alloy 201.0 Cast (T7),No,414,345,73000,26000,0.33,2700
ANSI Aluminum Alloy 204.0 Cast (T4),No,310,193,73000,26000,0.33,2700
ANSI Aluminum Alloy 208.0 Cast (F),No,131,83,73000,26000,0.33,2700
ANSI Aluminum Alloy 242.0 Cast (T61),No,221,138,73000,26000,0.33,2700
ANSI Aluminum Alloy 242.0 Cast (T77),No,165,90,73000,26000,0.33,2700
ANSI Aluminum Alloy 295.0 Cast (T4),No,200,90,73000,26000,0.33,2700
ANSI Aluminum Alloy 295.0 Cast (T6),No,221,138,73000,26000,0.33,2700
ANSI Aluminum Alloy 295.0 Cast (T62),No,248,193,73000,26000,0.33,2700
ANSI Aluminum Alloy 295.0 Cast (T7),No,200,110,73000,26000,0.33,2700
ANSI Aluminum Alloy 319.0 Cast (F),No,159,90,73000,26000,0.33,2700
ANSI Aluminum Alloy 319.0 Cast (T6),No,214,138,73000,26000,0.33,2700
ANSI Aluminum Alloy 328.0 Cast (F),No,172,97,73000,26000,0.33,2700
ANSI Aluminum Alloy 328.0 Cast (T6),No,234,145,73000,26000,0.33,2700
ANSI Aluminum Alloy 355.0 Cast (T51),No,172,124,73000,26000,0.33,2700
ANSI Aluminum Alloy 355.0 Cast (T6),No,221,138,73000,26000,0.33,2700
ANSI Aluminum Alloy 355.0 Cast (T71),No,207,152,73000,26000,0.33,2700
ANSI Aluminum Alloy C355.0 Cast (T6),No,248,172,73000,26000,0.33,2700
ANSI Aluminum Alloy 356.0 Cast (T51),No,159,110,73000,26000,0.33,2700
ANSI Aluminum Alloy 356.0 Cast (T6),No,207,138,73000,26000,0.33,2700
ANSI Aluminum Alloy 356.0 Cast (T7),No,214,200,73000,26000,0.33,2700
ANSI Aluminum Alloy 356.0 Cast (T71),No,172,124,73000,26000,0.33,2700
ANSI Aluminum Alloy A356.0 Cast (T6),No,234,165,73000,26000,0.33,2700
ANSI Aluminum Alloy 443.0 Cast (F),No,117,48,73000,26000,0.33,2700
ANSI Aluminum Alloy B443.0 Cast (F),No,117,41,73000,26000,0.33,2700
ANSI Aluminum Alloy 512.0 Cast (F),No,117,69,73000,26000,0.33,2700
ANSI Aluminum Alloy 514.0 Cast (F),No,152,62,73000,26000,0.33,2700
ANSI Aluminum Alloy 520.0 Cast (T4),No,290,152,73000,26000,0.33,2700
ANSI Aluminum Alloy 535.0 Cast (F or T5),No,241,124,73000,26000,0.33,2700
ANSI Aluminum Alloy 705.0 Cast (F or T5),No,207,117,73000,26000,0.33,2700
ANSI Aluminum Alloy 707.0 Cast (T5),No,228,152,73000,26000,0.33,2700
ANSI Aluminum Alloy 707.0 Cast (T7),No,255,207,73000,26000,0.33,2700
ANSI Aluminum Alloy 710.0 Cast (F or T5),No,221,138,73000,26000,0.33,2700
ANSI Aluminum Alloy 712.0 Cast (F or T5),No,234,172,73000,26000,0.33,2700
ANSI Aluminum Alloy 713.0 Cast (F or T5),No,221,152,73000,26000,0.33,2700
ANSI Aluminum Alloy 771.0 Cast (T5),No,290,262,73000,26000,0.33,2700
ANSI Aluminum Alloy 771.0 Cast (T51),No,221,186,73000,26000,0.33,2700
ANSI Aluminum Alloy 771.0 Cast (T52),No,248,207,73000,26000,0.33,2700
ANSI Aluminum Alloy 771.0 Cast (T53),No,248,186,73000,26000,0.33,2700
ANSI Aluminum Alloy 771.0 Cast (T6),No,290,241,73000,26000,0.33,2700
ANSI Aluminum Alloy 771.0 Cast (T71),No,331,310,73000,26000,0.33,2700
ANSI Aluminum Alloy 852.0 Cast (T5),No,165,124,73000,26000,0.33,2700
ANSI Aluminum Alloy 1060-O Wrought,No,69,28,73000,26000,0.33,2700
ANSI Aluminum Alloy 1060-H12 Wrought,No,83,76,73000,26000,0.33,2700
ANSI Aluminum Alloy 1060-H14 Wrought,No,97,90,73000,26000,0.33,2700
ANSI Aluminum Alloy 1060-H16 Wrought,No,110,103,73000,26000,0.33,2700
ANSI Aluminum Alloy 1060-H18 Wrought,No,131,124,73000,26000,0.33,2700
ANSI Aluminum Alloy 1100-O Wrought,No,90,34,73000,26000,0.33,2700
ANSI Aluminum Alloy 1100-H12 Wrought,No,110,103,73000,26000,0.33,2700
ANSI Aluminum Alloy 1100-H14 Wrought,No,124,117,73000,26000,0.33,2700
ANSI Aluminum Alloy 1100-H16 Wrought,No,145,138,73000,26000,0.33,2700
ANSI Aluminum Alloy 1100-H18 Wrought,No,165,152,73000,26000,0.33,2700
ANSI Aluminum Alloy 1350-O Wrought,No,83,28,73000,26000,0.33,2700
ANSI Aluminum Alloy 1350-H12 Wrought,No,97,83,73000,26000,0.33,2700
ANSI Aluminum Alloy 1350-H14 Wrought,No,110,97,73000,26000,0.33,2700
ANSI Aluminum Alloy 1350-H16 Wrought,No,124,110,73000,26000,0.33,2700
ANSI Aluminum Alloy 1350-H19 Wrought,No,186,165,73000,26000,0.33,2700
ANSI Aluminum Alloy 2011-T3 Wrought,No,379,296,73000,26000,0.33,2700
ANSI Aluminum Alloy 2011-T8 Wrought,No,407,310,73000,26000,0.33,2700
ANSI Aluminum Alloy 2014-O Wrought,No,186,97,73000,26000,0.33,2700
ANSI Aluminum Alloy 2014-T4 Wrought,No,427,290,73000,26000,0.33,2700
ANSI Aluminum Alloy 2014-T451 Wrought,No,427,290,73000,26000,0.33,2700
ANSI Aluminum Alloy 2014-T6 Wrought,No,483,414,73000,26000,0.33,2700
ANSI Aluminum Alloy 2014-T651 Wrought,No,483,414,73000,26000,0.33,2700
ANSI Aluminum Alloy Alclad 2014-O Wrought,No,172,69,73000,26000,0.33,2700
ANSI Aluminum Alloy Alclad 2014-T3 Wrought,No,434,276,73000,26000,0.33,2700
ANSI Aluminum Alloy Alclad 2014-T4 Wrought,No,421,255,73000,26000,0.33,2700
ANSI Aluminum Alloy Alclad 2014-T451 Wrought,No,421,255,73000,26000,0.33,2700
ANSI Aluminum Alloy Alclad 2014-T6 Wrought,No,469,414,73000,26000,0.33,2700
ANSI Aluminum Alloy Alclad 2014-T651 Wrought,No,469,414,73000,26000,0.33,2700
ANSI Aluminum Alloy 2017-O Wrought,No,179,69,73000,26000,0.33,2700
ANSI Aluminum Alloy 2017-T4 Wrought,No,427,276,73000,26000,0.33,2700
ANSI Aluminum Alloy 2017-T451 Wrought,No,427,276,73000,26000,0.33,2700
ANSI Aluminum Alloy 2018-T61 Wrought,No,421,317,73000,26000,0.33,2700
ANSI Aluminum Alloy 2024-O Wrought,No,186,76,73000,26000,0.33,2700
ANSI Aluminum Alloy 2024-T3 Wrought,No,483,345,73000,26000,0.33,2700
ANSI Aluminum Alloy 2024-T351 Wrought,No,469,324,73000,26000,0.33,2700
ANSI Aluminum Alloy 2024-T4 Wrought,No,469,324,73000,26000,0.33,2700
ANSI Aluminum Alloy 2024-T361 Wrought,No,496,393,73000,26000,0.33,2700
ANSI Aluminum Alloy Alclad 2024-O Wrought,No,179,76,73000,26000,0.33,2700
ANSI Aluminum Alloy Alclad 2024-T3 Wrought,No,448,310,73000,26000,0.33,2700
ANSI Aluminum Alloy Alclad 2024-T351 Wrought,No,441,290,73000,26000,0.33,2700
ANSI Aluminum Alloy Alclad 2024-T4 Wrought,No,441,290,73000,26000,0.33,2700
ANSI Aluminum Alloy Alclad 202024-T361 Wrought,No,462,365,73000,26000,0.33,2700
ANSI Aluminum Alloy Alclad 2024-T81 Wrought,No,448,414,73000,26000,0.33,2700
ANSI Aluminum Alloy Alclad 2024-T851 Wrought,No,448,414,73000,26000,0.33,2700
ANSI Aluminum Alloy Alclad 2024-T861 Wrought,No,483,455,73000,26000,0.33,2700
ANSI Aluminum Alloy 2025-T6 Wrought,No,400,255,73000,26000,0.33,2700
ANSI Aluminum Alloy 2036-T4 Wrought,No,338,193,73000,26000,0.33,2700
ANSI Aluminum Alloy 2117-T4 Wrought,No,296,165,73000,26000,0.33,2700
ANSI Aluminum Alloy 2218-T72 Wrought,No,331,255,73000,26000,0.33,2700
ANSI Aluminum Alloy 2219-O Wrought,No,172,76,73000,26000,0.33,2700
ANSI Aluminum Alloy 2219-T42 Wrought,No,359,186,73000,26000,0.33,2700
ANSI Aluminum Alloy 2219-T31 Wrought,No,359,248,73000,26000,0.33,2700
ANSI Aluminum Alloy 2219-T351 Wrought,No,359,248,73000,26000,0.33,2700
ANSI Aluminum Alloy 2219-T37 Wrought,No,393,317,73000,26000,0.33,2700
ANSI Aluminum Alloy 2219-T62 Wrought,No,414,290,73000,26000,0.33,2700
ANSI Aluminum Alloy 2219-T81 Wrought,No,455,352,73000,26000,0.33,2700
ANSI Aluminum Alloy 2219-T851 Wrought,No,455,352,73000,26000,0.33,2700
ANSI Aluminum Alloy 2219-T87 Wrought,No,476,393,73000,26000,0.33,2700
ANSI Aluminum Alloy 3003-O Wrought,No,110,41,73000,26000,0.33,2700
ANSI Aluminum Alloy 3003-H12 Wrought,No,131,124,73000,26000,0.33,2700
ANSI Aluminum Alloy 3003-H14 Wrought,No,152,145,73000,26000,0.33,2700
ANSI Aluminum Alloy 3003-H16 Wrought,No,179,172,73000,26000,0.33,2700
ANSI Aluminum Alloy 3003-H18 Wrought,No,200,186,73000,26000,0.33,2700
ANSI Aluminum Alloy Alclad 3003-O Wrought,No,110,41,73000,26000,0.33,2700
ANSI Aluminum Alloy Alclad 3003-H12 Wrought,No,131,124,73000,26000,0.33,2700
ANSI Aluminum Alloy Alclad 3003-H14 Wrought,No,152,145,73000,26000,0.33,2700
ANSI Aluminum Alloy Alclad 3003-H16 Wrought,No,179,172,73000,26000,0.33,2700
ANSI Aluminum Alloy Alclad 3003-H18 Wrought,No,200,186,73000,26000,0.33,2700
ANSI Aluminum Alloy 3004-O Wrought,No,179,69,73000,26000,0.33,2700
ANSI Aluminum Alloy 3004-H32 Wrought,No,214,172,73000,26000,0.33,2700
ANSI Aluminum Alloy 3004-H34 Wrought,No,241,200,73000,26000,0.33,2700
ANSI Aluminum Alloy 3004-H36 Wrought,No,262,228,73000,26000,0.33,2700
ANSI Aluminum Alloy 3004-H38 Wrought,No,283,248,73000,26000,0.33,2700
ANSI Aluminum Alloy Alclad 3004-O Wrought,No,179,69,73000,26000,0.33,2700
ANSI Aluminum Alloy Alclad 3004-H32 Wrought,No,214,172,73000,26000,0.33,2700
ANSI Aluminum Alloy Alclad 3004-H34 Wrought,No,241,200,73000,26000,0.33,2700
ANSI Aluminum Alloy Alclad 3004-H36 Wrought,No,262,228,73000,26000,0.33,2700
ANSI Aluminum Alloy Alclad 3004-H38 Wrought,No,283,248,73000,26000,0.33,2700
ANSI Aluminum Alloy 3105-O Wrought,No,117,55,73000,26000,0.33,2700
ANSI Aluminum Alloy 3105-H12 Wrought,No,152,131,73000,26000,0.33,2700
ANSI Aluminum Alloy 3105-H14 Wrought,No,172,152,73000,26000,0.33,2700
ANSI Aluminum Alloy 3105-H16 Wrought,No,193,172,73000,26000,0.33,2700
ANSI Aluminum Alloy 3105-H18 Wrought,No,214,193,73000,26000,0.33,2700
ANSI Aluminum Alloy 3105-H25 Wrought,No,179,159,73000,26000,0.33,2700
ANSI Aluminum Alloy 4032-T6 Wrought,No,379,317,73000,26000,0.33,2700
ANSI Aluminum Alloy 5005-O Wrought,No,124,41,73000,26000,0.33,2700
ANSI Aluminum Alloy 5005-H12 Wrought,No,138,131,73000,26000,0.33,2700
ANSI Aluminum Alloy 5005-H14 Wrought,No,159,152,73000,26000,0.33,2700
ANSI Aluminum Alloy 5005-H16 Wrought,No,179,172,73000,26000,0.33,2700
ANSI Aluminum Alloy 5005-H18 Wrought,No,200,193,73000,26000,0.33,2700
ANSI Aluminum Alloy 5005-H32 Wrought,No,138,117,73000,26000,0.33,2700
ANSI Aluminum Alloy 5005-H34 Wrought,No,159,138,73000,26000,0.33,2700
ANSI Aluminum Alloy 5005-H36 Wrought,No,179,165,73000,26000,0.33,2700
ANSI Aluminum Alloy 5005-H38 Wrought,No,200,186,73000,26000,0.33,2700
ANSI Aluminum Alloy 5050-O Wrought,No,145,55,73000,26000,0.33,2700
ANSI Aluminum Alloy 5050-H32 Wrought,No,172,145,73000,26000,0.33,2700
ANSI Aluminum Alloy 5050-H34 Wrought,No,193,165,73000,26000,0.33,2700
ANSI Aluminum Alloy 5050-H36 Wrought,No,207,179,73000,26000,0.33,2700
ANSI Aluminum Alloy 5050-H38 Wrought,No,221,200,73000,26000,0.33,2700
ANSI Aluminum Alloy 5052-O Wrought,No,193,90,73000,26000,0.33,2700
ANSI Aluminum Alloy 5052-H32 Wrought,No,228,193,73000,26000,0.33,2700
ANSI Aluminum Alloy 5052-H34 Wrought,No,262,214,73000,26000,0.33,2700
ANSI Aluminum Alloy 5052-H36 Wrought,No,276,241,73000,26000,0.33,2700
ANSI Aluminum Alloy 5052-H38 Wrought,No,290,255,73000,26000,0.33,2700
ANSI Aluminum Alloy 5056-O Wrought,No,290,152,73000,26000,0.33,2700
ANSI Aluminum Alloy 5056-H18 Wrought,No,434,407,73000,26000,0.33,2700
ANSI Aluminum Alloy 5056-H38 Wrought,No,414,345,73000,26000,0.33,2700
ANSI Aluminum Alloy 5083-O Wrought,No,290,145,73000,26000,0.33,2700
ANSI Aluminum Alloy 5083-H116 Wrought,No,317,228,73000,26000,0.33,2700
ANSI Aluminum Alloy 5083-H321 Wrought,No,317,228,73000,26000,0.33,2700
ANSI Aluminum Alloy 5086-O Wrought,No,262,117,73000,26000,0.33,2700
ANSI Aluminum Alloy 5086-H32 Wrought,No,290,207,73000,26000,0.33,2700
ANSI Aluminum Alloy 5086-H34 Wrought,No,324,255,73000,26000,0.33,2700
ANSI Aluminum Alloy 5086-H112 Wrought,No,269,131,73000,26000,0.33,2700
ANSI Aluminum Alloy 5086-H116 Wrought,No,290,207,73000,26000,0.33,2700
ANSI Aluminum Alloy 5154-O Wrought,No,241,117,73000,26000,0.33,2700
ANSI Aluminum Alloy 5154-H32 Wrought,No,269,207,73000,26000,0.33,2700
ANSI Aluminum Alloy 5154-H34 Wrought,No,290,228,73000,26000,0.33,2700
ANSI Aluminum Alloy 5154-H36 Wrought,No,310,248,73000,26000,0.33,2700
ANSI Aluminum Alloy 5154-H38 Wrought,No,331,269,73000,26000,0.33,2700
ANSI Aluminum Alloy 5154-H112 Wrought,No,241,117,73000,26000,0.33,2700
ANSI Aluminum Alloy 5252-H25 Wrought,No,234,172,73000,26000,0.33,2700
ANSI Aluminum Alloy 5252-H28 Wrought,No,283,241,73000,26000,0.33,2700
ANSI Aluminum Alloy 5252-H38 Wrought,No,283,241,73000,26000,0.33,2700
ANSI Aluminum Alloy 5254-O Wrought,No,241,117,73000,26000,0.33,2700
ANSI Aluminum Alloy 5254-H32 Wrought,No,269,207,73000,26000,0.33,2700
ANSI Aluminum Alloy 5254-H34 Wrought,No,290,228,73000,26000,0.33,2700
ANSI Aluminum Alloy 5254-H36 Wrought,No,310,248,73000,26000,0.33,2700
ANSI Aluminum Alloy 5254-H38 Wrought,No,331,269,73000,26000,0.33,2700
ANSI Aluminum Alloy 5254-H112 Wrought,No,241,117,73000,26000,0.33,2700
ANSI Aluminum Alloy 5454-O Wrought,No,248,117,73000,26000,0.33,2700
ANSI Aluminum Alloy 5454-H32 Wrought,No,276,207,73000,26000,0.33,2700
ANSI Aluminum Alloy 5454-H34 Wrought,No,303,241,73000,26000,0.33,2700
ANSI Aluminum Alloy 5454-H111 Wrought,No,262,179,73000,26000,0.33,2700
ANSI Aluminum Alloy 5454-H112 Wrought,No,248,124,73000,26000,0.33,2700
ANSI Aluminum Alloy 5456-O Wrought,No,310,159,73000,26000,0.33,2700
ANSI Aluminum Alloy 5456-H112 Wrought,No,310,165,73000,26000,0.33,2700
ANSI Aluminum Alloy 5456-H116 Wrought,No,352,255,73000,26000,0.33,2700
ANSI Aluminum Alloy 5456-H321 Wrought,No,352,255,73000,26000,0.33,2700
ANSI Aluminum Alloy 5457-O Wrought,No,131,48,73000,26000,0.33,2700
ANSI Aluminum Alloy 5457-H25 Wrought,No,179,159,73000,26000,0.33,2700
ANSI Aluminum Alloy 5457-H28 Wrought,No,207,186,73000,26000,0.33,2700
ANSI Aluminum Alloy 5457-H38 Wrought,No,207,186,73000,26000,0.33,2700
ANSI Aluminum Alloy 5652-O Wrought,No,193,90,73000,26000,0.33,2700
ANSI Aluminum Alloy 5652-H32 Wrought,No,228,193,73000,26000,0.33,2700
ANSI Aluminum Alloy 5652-H34 Wrought,No,262,214,73000,26000,0.33,2700
ANSI Aluminum Alloy 5652-H36 Wrought,No,276,241,73000,26000,0.33,2700
ANSI Aluminum Alloy 5652-H38 Wrought,No,290,255,73000,26000,0.33,2700
ANSI Aluminum Alloy 5657-H25 Wrought,No,159,138,73000,26000,0.33,2700
ANSI Aluminum Alloy 5657-H28 Wrought,No,193,165,73000,26000,0.33,2700
ANSI Aluminum Alloy 5657-H38 Wrought,No,193,165,73000,26000,0.33,2700
ANSI Aluminum Alloy 6061-O Wrought,No,124,55,73000,26000,0.33,2700
ANSI Aluminum Alloy 6061-T4 Wrought,No,241,145,73000,26000,0.33,2700
ANSI Aluminum Alloy 6061-T451 Wrought,No,241,145,73000,26000,0.33,2700
ANSI Aluminum Alloy 6061-T6 Wrought,No,310,276,73000,26000,0.33,2700
ANSI Aluminum Alloy 6061-T651 Wrought,No,310,276,73000,26000,0.33,2700
ANSI Aluminum Alloy Alclad 6061-O Wrought,No,117,48,73000,26000,0.33,2700
ANSI Aluminum Alloy Alclad 6061-T4 Wrought,No,228,131,73000,26000,0.33,2700
ANSI Aluminum Alloy Alclad 6061-T451 Wrought,No,228,131,73000,26000,0.33,2700
ANSI Aluminum Alloy Alclad 6061-T6 Wrought,No,290,255,73000,26000,0.33,2700
ANSI Aluminum Alloy Alclad 6061-T651 Wrought,No,290,255,73000,26000,0.33,2700
ANSI Aluminum Alloy 6063-O Wrought,No,90,48,73000,26000,0.33,2700
ANSI Aluminum Alloy 6063-T1 Wrought,No,152,90,73000,26000,0.33,2700
ANSI Aluminum Alloy 6063-T4 Wrought,No,172,90,73000,26000,0.33,2700
ANSI Aluminum Alloy 6063-T5 Wrought,No,186,145,73000,26000,0.33,2700
ANSI Aluminum Alloy 6063-T6 Wrought,No,241,214,73000,26000,0.33,2700
ANSI Aluminum Alloy 6063-T83 Wrought,No,255,241,73000,26000,0.33,2700
ANSI Aluminum Alloy 6063-T831 Wrought,No,207,186,73000,26000,0.33,2700
ANSI Aluminum Alloy 6063-T832 Wrought,No,290,269,73000,26000,0.33,2700
ANSI Aluminum Alloy 6066-O Wrought,No,152,83,73000,26000,0.33,2700
ANSI Aluminum Alloy 6066-T4 Wrought,No,359,207,73000,26000,0.33,2700
ANSI Aluminum Alloy 6066-T451 Wrought,No,359,207,73000,26000,0.33,2700
ANSI Aluminum Alloy 6066-T6 Wrought,No,393,359,73000,26000,0.33,2700
ANSI Aluminum Alloy 6066-T651 Wrought,No,393,359,73000,26000,0.33,2700
ANSI Aluminum Alloy 6070-T6 Wrought,No,379,352,73000,26000,0.33,2700
ANSI Aluminum Alloy 6101-H111 Wrought,No,97,76,73000,26000,0.33,2700
ANSI Aluminum Alloy 6101-T6 Wrought,No,221,193,73000,26000,0.33,2700
ANSI Aluminum Alloy 6262-T9 Wrought,No,400,379,73000,26000,0.33,2700
ANSI Aluminum Alloy 6351-T4 Wrought,No,248,152,73000,26000,0.33,2700
ANSI Aluminum Alloy 6351-T6 Wrought,No,310,283,73000,26000,0.33,2700
ANSI Aluminum Alloy 6463-T1 Wrought,No,152,90,73000,26000,0.33,2700
ANSI Aluminum Alloy 6463-T5 Wrought,No,186,145,73000,26000,0.33,2700
ANSI Aluminum Alloy 6463-T6 Wrought,No,241,214,73000,26000,0.33,2700
ANSI Aluminum Alloy 7049-T73 Wrought,No,517,448,73000,26000,0.33,2700
ANSI Aluminum Alloy 7049-T7352 Wrought,No,517,434,73000,26000,0.33,2700
ANSI Aluminum Alloy 7050-T73510 Wrought,No,496,434,73000,26000,0.33,2700
ANSI Aluminum Alloy 7050-T7451f Wrought,No,524,469,73000,26000,0.33,2700
ANSI Aluminum Alloy 7050-T7651 Wrought,No,552,490,73000,26000,0.33,2700
ANSI Aluminum Alloy 7075-O Wrought,No,228,103,73000,26000,0.33,2700
ANSI Aluminum Alloy 7075-T6 Wrought,No,572,503,73000,26000,0.33,2700
ANSI Aluminum Alloy 7075-T651 Wrought,No,572,503,73000,26000,0.33,2700
ANSI Aluminum Alloy Alclad 7075-O Wrought,No,221,97,73000,26000,0.33,2700
ANSI Aluminum Alloy Alclad 7075-T6 Wrought,No,524,462,73000,26000,0.33,2700
ANSI Aluminum Alloy Alclad 7075-T651 Wrought,No,524,462,73000,26000,0.33,2700
ANSI Aluminum Alloy 7178-O Wrought,No,228,103,73000,26000,0.33,2700
ANSI Aluminum Alloy 7178-T6 Wrought,No,607,538,73000,26000,0.33,2700
ANSI Aluminum Alloy 7178-T651 Wrought,No,607,538,73000,26000,0.33,2700
ANSI Aluminum Alloy 7178-T76 Wrought,No,572,503,73000,26000,0.33,2700
ANSI Aluminum Alloy 7178-T7651 Wrought,No,572,503,73000,26000,0.33,2700
ANSI Aluminum Alloy Alclad 7178-O Wrought,No,221,97,73000,26000,0.33,2700
ANSI Aluminum Alloy Alclad 7178-T6 Wrought,No,558,490,73000,26000,0.33,2700
ANSI Aluminum Alloy Alclad 7178-T651 Wrought,No,558,490,73000,26000,0.33,2700
ANSI Aluminum Alloy 8176-H24 Wrought,No,117,97,73000,26000,0.33,2700
ANSI Magnesium Alloy AM100A-T61 sand casting,No,276,152,73000,26000,0.33,1750
ANSI Magnesium Alloy AZ63A-T6 sand casting,No,276,97,73000,26000,0.33,1750
ANSI Magnesium Alloy AZ81A-T4 sand casting,No,276,83,73000,26000,0.33,1750
ANSI Magnesium Alloy AZ91C-T6 sand casting,No,276,145,73000,26000,0.33,1750
ANSI Magnesium Alloy AZ91E-T6 sand casting,No,276,145,73000,26000,0.33,1750
ANSI Magnesium Alloy AZ92A-T6 sand casting,No,276,152,73000,26000,0.33,1750
ANSI Magnesium Alloy EZ33A-T5 sand casting,No,159,110,73000,26000,0.33,1750
ANSI Magnesium Alloy HK31A-T6 sand casting,No,221,103,73000,26000,0.33,1750
ANSI Magnesium Alloy HZ32A-T6 sand casting,No,186,90,73000,26000,0.33,1750
ANSI Magnesium Alloy K1A-F sand casting,No,179,55,73000,26000,0.33,1750
ANSI Magnesium Alloy QE22A-T6 sand casting,No,262,193,73000,26000,0.33,1750
ANSI Magnesium Alloy QH21A-T6 sand casting,No,276,207,73000,26000,0.33,1750
ANSI Magnesium Alloy ZE41A-T5 sand casting,No,207,138,73000,26000,0.33,1750
ANSI Magnesium Alloy ZE63A-T6 sand casting,No,303,193,73000,26000,0.33,1750
ANSI Magnesium Alloy ZH62A-T5 sand casting,No,241,152,73000,26000,0.33,1750
ANSI Magnesium Alloy ZK51A-T5 sand casting,No,207,138,73000,26000,0.33,1750
ANSI Magnesium Alloy ZK61A-T6 sand casting,No,310,193,73000,26000,0.33,1750
ANSI Magnesium Alloy WE54A-F sand casting,No,276,200,73000,26000,0.33,1750
ANSI Magnesium Alloy AZ91A-F pressure die casting,No,234,159,73000,26000,0.33,1750
ANSI Magnesium Alloy AZ91B-FAZ91B-F pressure die casting,No,234,159,73000,26000,0.33,1750
ANSI Magnesium Alloy AZ91D-F pressure die casting,No,234,159,73000,26000,0.33,1750
ANSI Magnesium Alloy AM60A-F pressure die casting,No,221,131,73000,26000,0.33,1750
ANSI Magnesium Alloy AM60B-F pressure die casting,No,221,131,73000,26000,0.33,1750
ANSI Magnesium Alloy AS41A-F pressure die casting,No,214,138,73000,26000,0.33,1750
ANSI Magnesium Alloy AZ10A-F As extruded,No,241,145,73000,26000,0.33,1750
ANSI Magnesium Alloy AZ31B-F As extruded,No,262,200,73000,26000,0.33,1750
ANSI Magnesium Alloy AZ31C-F As extruded,No,262,200,73000,26000,0.33,1750
ANSI Magnesium Alloy AZ61A-F As extruded,No,310,228,73000,26000,0.33,1750
ANSI Magnesium Alloy AZ80A-T5 As extruded,No,379,276,73000,26000,0.33,1750
ANSI Magnesium Alloy HM31A-F As extruded,No,290,228,73000,26000,0.33,1750
ANSI Magnesium Alloy M1A-F As extruded,No,255,179,73000,26000,0.33,1750
ANSI Magnesium Alloy ZK40A-T5 As extruded,No,276,255,73000,26000,0.33,1750
ANSI Magnesium Alloy ZK60A-F As extruded,No,352,283,73000,26000,0.33,1750
ANSI Magnesium Alloy AZ31B-H24,No,290,221,73000,26000,0.33,1750
ANSI Magnesium Alloy AZ31C-H24,No,290,221,73000,26000,0.33,1750
ANSI Magnesium Alloy HK31A-H24,No,262,207,73000,26000,0.33,1750
ANSI Magnesium Alloy HM21A-T8,No,234,172,73000,26000,0.33,1750
ISO EN 11SMn30,Yes,380,230,206000,80000,0.3,7860
ISO EN 10S2O,Yes,360,225,206000,80000,0.3,7860
ISO EN 35S20,Yes,600,380,206000,80000,0.3,7860
ISO EN FeP01,No,270,280,206000,80000,0.3,7860
ISO EN FeP03,No,270,240,206000,80000,0.3,7860
ISO EN FeP04,No,270,210,206000,80000,0.3,7860
ISO EN SPT360,Yes,360,225,206000,80000,0.3,7860
ISO EN P235GH,Yes,360,225,206000,80000,0.3,7860
ISO EN S235JRG1,Yes,340,225,206000,80000,0.3,7860
ISO EN S235JRH,Yes,340,225,206000,80000,0.3,7860
ISO EN S235JRG2,Yes,340,225,206000,80000,0.3,7860
ISO EN S235JO,Yes,340,225,206000,80000,0.3,7860
ISO EN P265GH,Yes,410,225,206000,80000,0.3,7860
ISO EN S275JR,Yes,410,265,206000,80000,0.3,7860
ISO EN S275J2G3,Yes,410,265,206000,80000,0.3,7860
ISO EN S275J2HG3,Yes,410,265,206000,80000,0.3,7860
ISO EN S355J2G3,Yes,490,345,206000,80000,0.3,7860
ISO EN S355J2H,Yes,490,345,206000,80000,0.3,7860
ISO EN S355JO,Yes,490,345,206000,80000,0.3,7860
ISO EN S355JOH,Yes,490,345,206000,80000,0.3,7860
ISO EN SPT410,Yes,410,255,206000,80000,0.3,7860
ISO EN SPT510,Yes,510,345,206000,80000,0.3,7860
ISO EN E295,Yes,470,285,206000,80000,0.3,7860
ISO EN E355,Yes,570,325,206000,80000,0.3,7860
ISO EN E360,No,690,355,206000,80000,0.3,7860
ISO EN C10E,Yes,420,300,206000,80000,0.3,7860
ISO EN C15E,Yes,440,340,206000,80000,0.3,7860
ISO EN C22,Yes,470,290,206000,80000,0.3,7860
ISO EN C25,Yes,500,320,206000,80000,0.3,7860
ISO EN C30,Yes,550,350,206000,80000,0.3,7860
ISO EN C35,Yes,600,380,206000,80000,0.3,7860
ISO EN C40,Yes,630,400,206000,80000,0.3,7860
ISO EN C45 heat treated,Yes,650,430,206000,80000,0.3,7860
ISO EN C50 heat treated,No,700,460,206000,80000,0.3,7860
ISO EN C55 heat treated,No,750,490,206000,80000,0.3,7860
ISO EN C60 heat treated,No,800,520,206000,80000,0.3,7860
ISO EN P295GH,Yes,460,290,206000,80000,0.3,7860
ISO EN 28Mn6 heat treated,No,700,490,206000,80000,0.3,7860
ISO EN 17Cr3,Yes,580,340,206000,80000,0.3,7860
ISO EN 34Cr4 heat treated,No,800,590,206000,80000,0.3,7860
ISO EN 37Cr4 heat treated,No,850,630,206000,80000,0.3,7860
ISO EN 41Cr4 heat treated,No,900,660,206000,80000,0.3,7860
ISO EN 16MnCr5 case-hardened,No,900,680,206000,80000,0.3,7860
ISO EN 20MnCr5 case-hardened,No,980,680,206000,80000,0.3,7860
ISO EN 16Mo3,Yes,440,270,206000,80000,0.3,7860
ISO EN 13CrMo4,Yes,450,295,206000,80000,0.3,7860
ISO EN 25CrMo4 heat treated,No,800,600,206000,80000,0.3,7860
ISO EN 34CrMo4 heat treated,No,900,650,206000,80000,0.3,7860
ISO EN 42CrMo4 heat treated,No,1000,770,206000,80000,0.3,7860
ISO EN S355J2G1W,Yes,490,345,206000,80000,0.3,7860
ISO EN S355J0WP,Yes,490,345,206000,80000,0.3,7860
ISO EN 51CrV4 case-hardened,No,900,700,206000,80000,0.3,7860
ISO EN 10CrMo9-10,Yes,480,300,206000,80000,0.3,7860
ISO EN 11CrMo9-10,Yes,520,310,206000,80000,0.3,7860
ISO EN 16NiCr4 case-hardened,No,835,590,206000,80000,0.3,7860
ISO EN 12Ni14,Yes,490,355,206000,80000,0.3,7860
ISO EN 34CrNiMo6 heat treated,No,1100,900,206000,80000,0.3,7860
ISO EN 30CrNiMo8 heat treated,No,1250,1050,206000,80000,0.3,7860
ISO EN 12Ni19,Yes,530,390,206000,80000,0.3,7860
ISO EN X8Ni9,No,680,585,206000,80000,0.3,7860
ISO EN X6Cr13,Yes,400,230,206000,80000,0.3,7860
ISO EN X12Cr13,Yes,650,450,206000,80000,0.3,7860
ISO EN X20Cr13,No,700,500,206000,80000,0.3,7860
ISO EN X30Cr13,No,850,650,206000,80000,0.3,7860
ISO EN X6Cr17,Yes,400,240,206000,80000,0.3,7860
ISO EN X17CrNi16-2,No,800,600,206000,80000,0.3,7860
ISO EN X5CrNi18-10,No,500,190,206000,80000,0.3,7860
ISO EN X8CrNiS18-9,No,500,190,206000,80000,0.3,7860
ISO EN X6CrNiTi18-10,No,500,190,206000,80000,0.3,7860
ISO EN X2CrNi19-11,No,460,180,206000,80000,0.3,7860
ISO EN X2CrNiN18-10,Yes,550,270,206000,80000,0.3,7860
ISO EN X5CrNiMo17-12-2,No,500,200,206000,80000,0.3,7860
ISO EN X6CrNiMoTi17-12-2,No,500,200,206000,80000,0.3,7860
ISO EN X2CrNiMo17-12-2,No,500,200,206000,80000,0.3,7860
ISO EN X2CrNiMo18-14-3,No,500,200,206000,80000,0.3,7860
ISO EN X3CrNiMo17-13-3,No,500,200,206000,80000,0.3,7860
ISO EN X2CrNiMoN17-11-2,Yes,580,280,206000,80000,0.3,7860
ISO EN X2CrNiMoN17-13-3,Yes,580,280,206000,80000,0.3,7860
ISO EN X2CrNiMoN22-5-3,Yes,650,450,206000,80000,0.3,7860
ISO EN X12CrMnNiN18-9-5,Yes,680,320,206000,80000,0.3,7860
ISO Grey cast iron,No,150,150,85000,34000,0.25,7160
ISO Grey cast iron,No,200,200,85000,34000,0.25,7160
ISO Grey cast iron,No,250,250,85000,34000,0.25,7160
ISO Grey cast iron,No,300,300,85000,34000,0.25,7160
ISO Grey cast iron,No,350,350,85000,34000,0.25,7160
ISO Nodular cast iron,No,500,320,169000,70000,0.2,7160
ISO Nodular cast iron,No,600,370,169000,70000,0.2,7160
ISO Nodular cast iron,No,700,420,169000,70000,0.2,7160
ISO Nodular cast iron,No,800,480,169000,70000,0.2,7160
ISO Malleable cast iron,No,400,180,160000,64000,0.27,7160
ISO Malleable cast iron,No,500,260,160000,64000,0.27,7160
DIN DIN 9SMn28,Yes,460,375,206000,80000,0.3,7860
DIN DIN 10S2O,Yes,460,355,206000,80000,0.3,7860
DIN DIN 35S20,Yes,580,365,206000,80000,0.3,7860
DIN DIN USt1303,No,270,250,206000,80000,0.3,7860
DIN DIN St1405,No,270,210,206000,80000,0.3,7860
DIN DIN St1203,No,270,280,206000,80000,0.3,7860
DIN DIN USt34-2,No,330,195,206000,80000,0.3,7860
DIN DIN St34-2BK,Yes,410,320,206000,80000,0.3,7860
DIN DIN St37.0,Yes,350,225,206000,80000,0.3,7860
DIN DIN HI,Yes,360,225,206000,80000,0.3,7860
DIN DIN St37-2,Yes,340,225,206000,80000,0.3,7860
DIN DIN St37-2BK,Yes,440,350,206000,80000,0.3,7860
DIN DIN RSt37-2,Yes,340,225,206000,80000,0.3,7860
DIN DIN St37-3,Yes,340,225,206000,80000,0.3,7860
DIN DIN HII,Yes,410,255,206000,80000,0.3,7860
DIN DIN St44-2,Yes,410,265,206000,80000,0.3,7860
DIN DIN St44.0,Yes,420,265,206000,80000,0.3,7860
DIN DIN St44-3,Yes,410,265,206000,80000,0.3,7860
DIN DIN St50-2,Yes,470,285,206000,80000,0.3,7860
DIN DIN St52-3,Yes,490,345,206000,80000,0.3,7860
DIN DIN St52.0,Yes,500,345,206000,80000,0.3,7860
DIN DIN St52-3BK,Yes,590,470,206000,80000,0.3,7860
DIN DIN St60-2,Yes,570,325,206000,80000,0.3,7860
DIN DIN St70-2,Yes,670,355,206000,80000,0.3,7860
DIN DIN Ck10 case-hardened,Yes,440,275,206000,80000,0.3,7860
DIN DIN Ck15 case-hardened,Yes,495,295,206000,80000,0.3,7860
DIN DIN Ck22,Yes,500,300,206000,80000,0.3,7860
DIN DIN Ck25,Yes,500,320,206000,80000,0.3,7860
DIN DIN Ck30,Yes,550,350,206000,80000,0.3,7860
DIN DIN Ck35,Yes,600,370,206000,80000,0.3,7860
DIN DIN Cf35,Yes,580,360,206000,80000,0.3,7860
DIN DIN Ck40 heat treated,Yes,630,400,206000,80000,0.3,7860
DIN DIN Ck45 normalized,Yes,535,320,206000,80000,0.3,7860
DIN DIN Ck45 heat treated,Yes,650,430,206000,80000,0.3,7860
DIN DIN Cf45,Yes,660,410,206000,80000,0.3,7860
DIN DIN Ck50 face hardened,No,700,460,206000,80000,0.3,7860
DIN DIN Cf53,No,690,430,206000,80000,0.3,7860
DIN DIN Ck55 heat treated,No,750,500,206000,80000,0.3,7860
DIN DIN Ck60 normalized,Yes,680,400,206000,80000,0.3,7860
DIN DIN Ck60 heat treated,No,800,520,206000,80000,0.3,7860
DIN DIN Ck60 nitro-carburized,No,800,520,206000,80000,0.3,7860
DIN DIN 17Mn4,Yes,460,290,206000,80000,0.3,7860
DIN DIN 28Mn6,No,690,490,206000,80000,0.3,7860
DIN DIN 17Cr3,Yes,590,340,206000,80000,0.3,7860
DIN DIN 34Cr4,No,800,590,206000,80000,0.3,7860
DIN DIN 37Cr4 heat treated,No,850,630,206000,80000,0.3,7860
DIN DIN 37Cr4 face hardened,No,850,630,206000,80000,0.3,7860
DIN DIN 37Cr4 nitro-case-hard.,No,1700,1300,206000,80000,0.3,7860
DIN DIN 38Cr4,No,830,630,206000,80000,0.3,7860
DIN DIN 41Cr4,No,900,660,206000,80000,0.3,7860
DIN DIN 42Cr4,No,880,670,206000,80000,0.3,7860
DIN DIN 37CrS4,No,850,630,206000,80000,0.3,7860
DIN DIN 41CrS4,No,880,665,206000,80000,0.3,7860
DIN DIN 55Cr3 heat treated,No,1450,1270,206000,80000,0.3,7860
DIN DIN 16MnCr5 case-hardened,No,900,680,206000,80000,0.3,7860
DIN DIN 20MnCr5,No,980,680,206000,80000,0.3,7860
DIN DIN 54SiCr6 heat treated,No,1370,1180,206000,80000,0.3,7860
DIN DIN 15Mo3,Yes,440,270,206000,80000,0.3,7860
DIN DIN 13CrMo4,Yes,450,295,206000,80000,0.3,7860
DIN DIN WTSt52-3,Yes,490,345,206000,80000,0.3,7860
DIN DIN 25CrMo4,No,800,600,206000,80000,0.3,7860
DIN DIN 34CrMo4,No,900,650,206000,80000,0.3,7860
DIN DIN 42CrMo4,No,1000,750,206000,80000,0.3,7860
DIN DIN 41CrMo4,No,980,760,206000,80000,0.3,7860
DIN DIN 49CrMo4,No,880,690,206000,80000,0.3,7860
DIN DIN 30CrV9 nitrided,No,800,600,206000,80000,0.3,7860
DIN DIN 42CrV6 heat treated,No,980,850,206000,80000,0.3,7860
DIN DIN 42CrV6 face hardened,No,980,850,206000,80000,0.3,7860
DIN DIN 50CrV4 heat treated,No,1370,1180,206000,80000,0.3,7860
DIN DIN 10CrMo9-10,Yes,480,300,206000,80000,0.3,7860
DIN DIN 41CrAlMo7,No,930,735,206000,80000,0.3,7860
DIN DIN 32CrMo12,No,1230,1030,206000,80000,0.3,7860
DIN DIN 31CrMo12,No,1000,750,206000,80000,0.3,7860
DIN DIN 17CrNiMo6,No,1080,785,206000,80000,0.3,7860
DIN DIN 10Ni14,Yes,490,355,206000,80000,0.3,7860
DIN DIN 34CrNiMo6,No,1100,900,206000,80000,0.3,7860
DIN DIN 30CrNiMo8,No,1250,1050,206000,80000,0.3,7860
DIN DIN 12Ni19,Yes,530,390,206000,80000,0.3,7860
DIN DIN X8Ni9,No,680,585,206000,80000,0.3,7860
DIN DIN X6Cr13,Yes,400,250,206000,80000,0.3,7860
DIN DIN X6Cr17,Yes,450,270,206000,80000,0.3,7860
DIN DIN X10Cr13,Yes,600,420,206000,80000,0.3,7860
DIN DIN X20Cr13,Yes,650,450,206000,80000,0.3,7860
DIN DIN X30Cr13,No,800,600,206000,80000,0.3,7860
DIN DIN X45CrSi93,No,900,700,206000,80000,0.3,7860
DIN DIN X6CrAl13,Yes,400,250,206000,80000,0.3,7860
DIN DIN X20CrNi172,No,750,550,206000,80000,0.3,7860
DIN DIN X85CrMoV182,No,1000,800,206000,80000,0.3,7860
DIN DIN X5CrNi1810,No,500,195,206000,80000,0.3,7860
DIN DIN X10CrNiS189,No,500,195,206000,80000,0.3,7860
DIN DIN X6CrNiTi1810,No,500,200,206000,80000,0.3,7860
DIN DIN X2CrNi1911,No,460,180,206000,80000,0.3,7860
DIN DIN X2CrNiN1810,Yes,550,270,206000,80000,0.3,7860
DIN DIN X5CrNiMo17122,No,510,205,206000,80000,0.3,7860
DIN DIN X6CrNiMoTi17122,No,500,210,206000,80000,0.3,7860
DIN DIN X2CrNiMo17132,No,490,190,206000,80000,0.3,7860
DIN DIN X2CrNiMo18143,No,490,190,206000,80000,0.3,7860
DIN DIN X5CrNiMo17133,No,510,205,206000,80000,0.3,7860
DIN DIN X2CrNiMoN17122,Yes,580,280,206000,80000,0.3,7860
DIN DIN X2CrNiMoN17133,Yes,580,295,206000,80000,0.3,7860
DIN DIN X2CrNiMoN17135,Yes,580,285,206000,80000,0.3,7860
DIN DIN X8CrMnNi188,Yes,590,295,206000,80000,0.3,7860
DIN DIN X53CrMnNiN219,No,950,580,206000,80000,0.3,7860
DIN DIN GG - 15,No,150,150,85000,34000,0.25,7160
DIN DIN GG - 20,No,200,200,85000,34000,0.25,7160
DIN DIN GG - 25,No,250,250,85000,34000,0.25,7160
DIN DIN GG - 30,No,300,300,85000,34000,0.25,7160
DIN DIN GG - 35,No,350,350,85000,34000,0.25,7160
DIN DIN GGG - 50,No,500,320,169000,70000,0.2,7160
DIN DIN GGG - 60,No,600,370,169000,70000,0.2,7160
DIN DIN GGG - 70,No,700,420,169000,70000,0.2,7160
DIN DIN GGG - 80,No,800,480,169000,70000,0.2,7160
DIN DIN GTS - 40,No,400,180,160000,64000,0.27,7160
DIN DIN GTS - 50,No,500,260,160000,64000,0.27,7160
BS BS 230M07,Yes,430,300,206000,80000,0.3,7860
BS BS 212M36,Yes,635,370,206000,80000,0.3,7860
BS BS CR3GP,No,280,140,206000,80000,0.3,7860
BS BS CR2PL,No,280,140,206000,80000,0.3,7860
BS BS CR4GP,No,280,140,206000,80000,0.3,7860
BS BS CEW2BK,Yes,420,355,206000,80000,0.3,7860
BS BS CFS3NBK,Yes,360,215,206000,80000,0.3,7860
BS BS Grade 360,Yes,360,225,206000,80000,0.3,7860
BS BS CEW3BK,Yes,450,360,206000,80000,0.3,7860
BS BS 40B,Yes,340,225,206000,80000,0.3,7860
BS BS 40C,Yes,340,225,206000,80000,0.3,7860
BS BS Grade 430,Yes,410,225,206000,80000,0.3,7860
BS BS 43B,Yes,430,245,206000,80000,0.3,7860
BS BS CFS6NBK,Yes,460,280,206000,80000,0.3,7860
BS BS 43D,Yes,430,245,206000,80000,0.3,7860
BS BS 50B,Yes,490,355,206000,80000,0.3,7860
BS BS 50C,Yes,490,355,206000,80000,0.3,7860
BS BS 50D,Yes,490,355,206000,80000,0.3,7860
BS BS CFS8NBK,Yes,540,340,206000,80000,0.3,7860
BS BS CEW5BK,Yes,600,480,206000,80000,0.3,7860
BS BS 55C,Yes,550,430,206000,80000,0.3,7860
BS BS 55E,Yes,550,430,206000,80000,0.3,7860
BS BS 070M26,Yes,490,245,206000,80000,0.3,7860
BS BS 080M30,Yes,550,310,206000,80000,0.3,7860
BS BS 080M36,Yes,625,370,206000,80000,0.3,7860
BS BS 080A35,Yes,625,370,206000,80000,0.3,7860
BS BS 080M40,Yes,625,355,206000,80000,0.3,7860
BS BS 080M46,Yes,625,340,206000,80000,0.3,7860
BS BS 060A47,No,700,400,206000,80000,0.3,7860
BS BS 080M50,Yes,625,360,206000,80000,0.3,7860
BS BS 060A57,No,775,450,206000,80000,0.3,7860
BS BS 070M55,No,775,450,206000,80000,0.3,7860
BS BS 150M19,Yes,550,325,206000,80000,0.3,7860
BS BS 251A58 heat treated,No,1300,1100,206000,80000,0.3,7860
BS BS 530A36,No,700,510,206000,80000,0.3,7860
BS BS 530M40 heat treated,No,775,570,206000,80000,0.3,7860
BS BS 530M40 face hardened,No,850,665,206000,80000,0.3,7860
BS BS 525A60 heat treated,No,1380,1180,206000,80000,0.3,7860
BS BS 708A25,No,850,665,206000,80000,0.3,7860
BS BS 708A37,No,850,665,206000,80000,0.3,7860
BS BS 708M40 heat treated,No,850,665,206000,80000,0.3,7860
BS BS 708M40 face hardened,No,925,740,206000,80000,0.3,7860
BS BS 735A51 heat treated,No,1370,1180,206000,80000,0.3,7860
BS BS 905M39 nitrided,No,775,570,206000,80000,0.3,7860
BS BS 722M22,No,850,665,206000,80000,0.3,7860
BS BS 722M24 nitrided,No,850,685,206000,80000,0.3,7860
BS BS 817M40 heat treated,No,1075,925,206000,80000,0.3,7860
BS BS 403S17,Yes,420,245,206000,80000,0.3,7860
BS BS 410S21,Yes,550,340,206000,80000,0.3,7860
BS BS 420S37,No,700,490,206000,80000,0.3,7860
BS BS 430S17,Yes,430,245,206000,80000,0.3,7860
BS BS 401S45,No,900,685,206000,80000,0.3,7860
BS BS 431S29,No,850,635,206000,80000,0.3,7860
BS BS 304S15,No,480,195,206000,80000,0.3,7860
BS BS 303S31,No,510,190,206000,80000,0.3,7860
BS BS 321S31,No,490,195,206000,80000,0.3,7860
BS BS 304S11,No,480,180,206000,80000,0.3,7860
BS BS 310S31,No,510,205,206000,80000,0.3,7860
BS BS 316S11,No,490,190,206000,80000,0.3,7860
BS BS 316S31,No,510,205,206000,80000,0.3,7860
BS BS 349S54,No,950,580,206000,80000,0.3,7860
BS Grey cast iron,No,150,150,85000,34000,0.25,7160
BS Grey cast iron,No,200,200,85000,34000,0.25,7160
BS Grey cast iron,No,250,250,85000,34000,0.25,7160
BS Grey cast iron,No,300,300,85000,34000,0.25,7160
BS Grey cast iron,No,350,350,85000,34000,0.25,7160
BS Nodular cast iron,No,500,320,169000,70000,0.2,7160
BS Nodular cast iron,No,600,370,169000,70000,0.2,7160
BS Nodular cast iron,No,700,420,169000,70000,0.2,7160
BS Nodular cast iron,No,800,480,169000,70000,0.2,7160
BS Malleable cast iron,No,400,180,160000,64000,0.27,7160
BS Malleable cast iron,No,500,260,160000,64000,0.27,7160
CSN CSN 10370,No,350,200,206000,80000,0.3,7860
CSN CSN 11110,Yes,400,226,206000,80000,0.3,7860
CSN CSN 11110 normalized,Yes,471,373,206000,80000,0.3,7860
CSN CSN 11120,Yes,400,255,206000,80000,0.3,7860
CSN CSN 11140 normalized,No,660,520,206000,80000,0.3,7860
CSN CSN 11301,No,280,200,206000,80000,0.3,7860
CSN CSN 11305,No,290,215,206000,80000,0.3,7860
CSN CSN 11321,No,280,200,206000,80000,0.3,7860
CSN CSN 11343,No,330,195,206000,80000,0.3,7860
CSN CSN 11353,Yes,340,225,206000,80000,0.3,7860
CSN CSN 11368,Yes,350,225,206000,80000,0.3,7860
CSN CSN 11373,Yes,340,225,206000,80000,0.3,7860
CSN CSN 11378,Yes,360,235,206000,80000,0.3,7860
CSN CSN 11418,Yes,410,255,206000,80000,0.3,7860
CSN CSN 11423,Yes,420,240,206000,80000,0.3,7860
CSN CSN 11448,Yes,430,285,206000,80000,0.3,7860
CSN CSN 11453,Yes,440,265,206000,80000,0.3,7860
CSN CSN 11500,Yes,490,265,206000,80000,0.3,7860
CSN CSN 11503,Yes,490,340,206000,80000,0.3,7860
CSN CSN 11523 normalized,Yes,510,345,206000,80000,0.3,7860
CSN CSN 11600,Yes,590,315,206000,80000,0.3,7860
CSN CSN 11600 face hardened,Yes,590,315,206000,80000,0.3,7860
CSN CSN 11700,No,686,355,206000,80000,0.3,7860
CSN CSN 11700 face hardened,No,686,355,206000,80000,0.3,7860
CSN CSN 12010 case-hardened,Yes,490,325,206000,80000,0.3,7860
CSN CSN 12020,Yes,550,350,206000,80000,0.3,7860
CSN CSN 12020 case-hardened,Yes,490,295,206000,80000,0.3,7860
CSN CSN 12024,Yes,480,300,206000,80000,0.3,7860
CSN CSN 12030,Yes,500,320,206000,80000,0.3,7860
CSN CSN 12031,Yes,550,350,206000,80000,0.3,7860
CSN CSN 12040,Yes,600,370,206000,80000,0.3,7860
CSN CSN 12041,Yes,630,400,206000,80000,0.3,7860
CSN CSN 12050 normalized,Yes,530,305,206000,80000,0.3,7860
CSN CSN 12050 heat treated,Yes,640,390,206000,80000,0.3,7860
CSN CSN 12051,No,690,440,206000,80000,0.3,7860
CSN CSN 12060,No,750,480,206000,80000,0.3,7860
CSN CSN 12061 heat treated,No,800,500,206000,80000,0.3,7860
CSN CSN 12071 heat treated,No,1770,1470,206000,80000,0.3,7860
CSN CSN 13030,Yes,460,285,206000,80000,0.3,7860
CSN CSN 13141,No,690,490,206000,80000,0.3,7860
CSN CSN 13180 heat treated,No,1570,1320,206000,80000,0.3,7860
CSN CSN 13220 normalized,Yes,670,430,206000,80000,0.3,7860
CSN CSN 13221 normalized,Yes,680,440,206000,80000,0.3,7860
CSN CSN 13240,No,780,540,206000,80000,0.3,7860
CSN CSN 13242,No,880,685,206000,80000,0.3,7860
CSN CSN 13251 heat treated,No,1270,1080,206000,80000,0.3,7860
CSN CSN 13270 heat treated,No,1420,1210,206000,80000,0.3,7860
CSN CSN 14120,Yes,588,343,206000,80000,0.3,7860
CSN CSN 14140 heat treated,No,883,637,206000,80000,0.3,7860
CSN CSN 14140 face hardened,No,932,785,206000,80000,0.3,7860
CSN CSN 14140 nitro-case-hard.,No,1716,1373,206000,80000,0.3,7860
CSN CSN 14141,No,883,687,206000,80000,0.3,7860
CSN CSN 14146,No,932,785,206000,80000,0.3,7860
CSN CSN 14148,Yes,657,490,206000,80000,0.3,7860
CSN CSN 14220,No,900,680,206000,80000,0.3,7860
CSN CSN 14220 case-hardened,No,785,588,206000,80000,0.3,7860
CSN CSN 14221,No,981,686,206000,80000,0.3,7860
CSN CSN 14223 case-hardened,No,883,687,206000,80000,0.3,7860
CSN CSN 14230 case-hardened,No,981,794,206000,80000,0.3,7860
CSN CSN 14260 heat treated,No,1370,1175,206000,80000,0.3,7860
CSN CSN 14262 heat treated,No,1470,1275,206000,80000,0.3,7860
CSN CSN 15020,Yes,440,265,206000,80000,0.3,7860
CSN CSN 15121,Yes,430,295,206000,80000,0.3,7860
CSN CSN 15127,Yes,470,345,206000,80000,0.3,7860
CSN CSN 15130,No,690,490,206000,80000,0.3,7860
CSN CSN 15131,No,930,735,206000,80000,0.3,7860
CSN CSN 15141,No,880,665,206000,80000,0.3,7860
CSN CSN 15142,No,1000,750,206000,80000,0.3,7860
CSN CSN 15217,Yes,470,345,206000,80000,0.3,7860
CSN CSN 15222 normalized,No,690,490,206000,80000,0.3,7860
CSN CSN 15230 heat treated,No,1000,850,206000,80000,0.3,7860
CSN CSN 15230 Heat-treatment nitrided steel,No,780,635,206000,80000,0.3,7860
CSN CSN 15241 heat treated,No,1177,981,206000,80000,0.3,7860
CSN CSN 15241 heat treated,No,1716,1373,206000,80000,0.3,7860
CSN CSN 15241 face hardened,No,1177,981,206000,80000,0.3,7860
CSN CSN 15260,No,900,700,206000,80000,0.3,7860
CSN CSN 15313,Yes,480,265,206000,80000,0.3,7860
CSN CSN 15330 Heat-treatment nitrided steel,No,834,637,206000,80000,0.3,7860
CSN CSN 15340,No,981,785,206000,80000,0.3,7860
CSN CSN 15432,No,690,490,206000,80000,0.3,7860
CSN CSN 16220 case-hardened,No,883,637,206000,80000,0.3,7860
CSN CSN 16223,No,835,590,206000,80000,0.3,7860
CSN CSN 16321,No,880,635,206000,80000,0.3,7860
CSN CSN 16326,No,1080,785,206000,80000,0.3,7860
CSN CSN 16329,Yes,440,285,206000,80000,0.3,7860
CSN CSN 16343,No,1100,900,206000,80000,0.3,7860
CSN CSN 16420 case-hardened,No,932,785,206000,80000,0.3,7860
CSN CSN 16430 heat treated,No,1080,880,206000,80000,0.3,7860
CSN CSN 16527,Yes,590,390,206000,80000,0.3,7860
CSN CSN 16640 heat treated,No,1569,1275,206000,80000,0.3,7860
CSN CSN 17020 normalized,Yes,441,245,206000,80000,0.3,7860
CSN CSN 17021 normalized,Yes,590,415,206000,80000,0.3,7860
CSN CSN 17022 normalized,No,690,455,206000,80000,0.3,7860
CSN CSN 17023 normalized,No,740,495,206000,80000,0.3,7860
CSN CSN 17040 normalized,Yes,440,265,206000,80000,0.3,7860
CSN CSN 17041 normalized,Yes,440,295,206000,80000,0.3,7860
CSN CSN 17113 normalized,Yes,441,245,206000,80000,0.3,7860
CSN CSN 17115 normalized,No,930,685,206000,80000,0.3,7860
CSN CSN 17125 normalized,Yes,460,270,206000,80000,0.3,7860
CSN CSN 17145 normalized,No,800,560,206000,80000,0.3,7860
CSN CSN 17150 normalized,No,900,650,206000,80000,0.3,7860
CSN CSN 17240 normalized,No,490,186,206000,80000,0.3,7860
CSN CSN 17241 normalized,No,530,195,206000,80000,0.3,7860
CSN CSN 17243 normalized,No,500,190,206000,80000,0.3,7860
CSN CSN 17246 normalized,No,550,210,206000,80000,0.3,7860
CSN CSN 17247 normalized,No,500,195,206000,80000,0.3,7860
CSN CSN 17248 normalized,No,500,205,206000,80000,0.3,7860
CSN CSN 17249 normalized,No,440,175,206000,80000,0.3,7860
CSN CSN 17251 normalized,Yes,650,350,206000,80000,0.3,7860
CSN CSN 17253 normalized,No,700,350,206000,80000,0.3,7860
CSN CSN 17255 normalized,Yes,600,250,206000,80000,0.3,7860
CSN CSN 17256 normalized,Yes,500,230,206000,80000,0.3,7860
CSN CSN 17259 normalized,Yes,540,265,206000,80000,0.3,7860
CSN CSN 17265 normalized,Yes,550,230,206000,80000,0.3,7860
CSN CSN 17346 normalized,No,550,205,206000,80000,0.3,7860
CSN CSN 17348 normalized,Yes,550,215,206000,80000,0.3,7860
CSN CSN 17359 normalized,Yes,540,275,206000,80000,0.3,7860
CSN CSN 17460 normalized,Yes,635,295,206000,80000,0.3,7860
CSN CSN 17465 normalized,No,980,590,206000,80000,0.3,7860
CSN CSN 17501 normalized,Yes,640,490,206000,80000,0.3,7860
CSN CSN 422303,No,360,240,169000,70000,0.2,7160
CSN CSN 422304,No,420,270,169000,70000,0.2,7160
CSN CSN 422305,No,500,320,169000,70000,0.2,7160
CSN CSN 422306,No,600,370,169000,70000,0.2,7160
CSN CSN 422307,No,700,420,169000,70000,0.2,7160
CSN CSN 422308,No,800,480,169000,70000,0.2,7160
CSN CSN 422410,No,100,100,80000,32000,0.25,7160
CSN CSN 422415,No,150,150,85000,34000,0.25,7160
CSN CSN 422420,No,200,200,91000,36400,0.25,7160
CSN CSN 422425,No,250,250,105000,42000,0.25,7160
CSN CSN 422430,No,300,300,110000,44000,0.25,7160
CSN CSN 422435,No,350,350,115000,46000,0.25,7160
CSN CSN 422540,No,400,180,160000,64000,0.27,7160
CSN CSN 422555,No,580,300,160000,64000,0.27,7160
CSN CSN 422630,No,363,200,206000,80000,0.3,7160
CSN CSN 422640,Yes,441,240,206000,80000,0.3,7160
CSN CSN 422650,Yes,490,260,206000,80000,0.3,7160
CSN CSN 242660,Yes,588,300,206000,80000,0.3,7160
CSN CSN 422670,No,686,350,206000,80000,0.3,7160
CSN CSN 422709,Yes,530,300,206000,80000,0.3,7160
CSN CSN 422712,Yes,422,250,206000,80000,0.3,7160
CSN CSN 422713,Yes,490,290,206000,80000,0.3,7160
CSN CSN 422724,Yes,637,420,206000,80000,0.3,7160
CSN CSN 422735,No,785,520,206000,80000,0.3,7160
CSN CSN 422739,No,830,550,206000,80000,0.3,7160
CSN CSN 422753,No,981,650,206000,80000,0.3,7160
CSN CSN 422906,Yes,550,390,206000,80000,0.3,7160
CSN CSN 422912,Yes,500,320,206000,80000,0.3,7160
CSN CSN 423042,No,380,265,120000,45000,0.31,8800
CSN CSN 423044,No,380,265,120000,45000,0.31,8800
CSN CSN 423045,No,380,265,120000,45000,0.31,8800
CSN CSN 423047,No,380,265,120000,45000,0.31,8800
CSN CSN 423115,No,180,160,105000,40000,0.31,8800
CSN CSN 423119,No,180,160,105000,40000,0.31,8800
CSN CSN 423123,No,180,160,105000,40000,0.31,8800
CSN CSN 423135,No,150,120,105000,40000,0.31,8800
CSN CSN 423137,No,170,100,105000,40000,0.31,8800
CSN CSN 423145,No,400,130,120000,45000,0.32,8800
CSN CSN 423147,No,400,130,120000,45000,0.32,8800
CSN CSN 423210,No,330,100,100000,37000,0.34,8500
CSN CSN 423212,No,330,100,100000,37000,0.34,8500
CSN CSN 423213,No,330,100,100000,37000,0.34,8500
CSN CSN 423214,No,330,100,100000,37000,0.34,8500
CSN CSN 423256,No,350,255,100000,37000,0.34,8500
CSN CSN 423311,No,600,350,100000,37000,0.34,8500
CSN CSN 424201,No,400,230,73000,26000,0.33,2700
CSN CSN 424203,No,430,230,73000,26000,0.33,2700
CSN CSN 424204,No,430,230,73000,26000,0.33,2700
CSN CSN 424250,No,340,190,73000,26000,0.33,2700
CSN CSN 424401,No,280,100,73000,26000,0.33,2700
CSN CSN 424413,No,200,110,73000,26000,0.33,2700
CSN CSN 424415,No,200,110,73000,26000,0.33,2700
GOST Steel ST3KP GOST 380-94,Yes,360,235,201000,78000,0.29,7856
GOST Steel ST3PC GOST 380-94,Yes,370,245,201000,78000,0.29,7856
GOST Steel ST3CP GOST 380-94,Yes,380,255,201000,78000,0.29,7856
GOST Steel ST4KP GOST 380-94,Yes,400,255,201000,78000,0.29,7856
GOST Steel ST4PS GOST 380-94,Yes,410,265,201000,78000,0.29,7856
GOST Steel ST4SP GOST 380-94,Yes,410,265,201000,78000,0.29,7856
GOST Steel ST5PS GOST 380-94,Yes,490,285,201000,78000,0.29,7856
GOST Steel ST5SP GOST 380-94,Yes,490,295,201000,78000,0.29,7856
GOST Steel ST6PS GOST 380-94,Yes,590,315,201000,78000,0.29,7856
GOST Steel ST6SP GOST 380-94,Yes,600,320,201000,78000,0.29,7856
GOST Steel S235 GOST 27772-88,Yes,360,225,206000,80000,0.3,7860
GOST Steel S245 GOST 27772-88,Yes,370,235,206000,80000,0.3,7860
GOST Steel S255 GOST 27772-88,Yes,370,245,206000,80000,0.3,7860
GOST Steel S285 GOST 27772-88,Yes,390,265,206000,80000,0.3,7860
GOST Steel S345 GOST 27772-88,Yes,450,325,206000,80000,0.3,7860
GOST Steel S375 GOST 27772-88,Yes,480,335,206000,80000,0.3,7860
GOST Steel 08 GOST 1050-88 normalized,No,320,196,203000,78000,0.3,7871
GOST Steel 10 GOST 1050-88 normalized,No,330,205,206000,79000,0.3,7856
GOST Steel 10 GOST 1050-88 case-hardened,Yes,400,250,206000,79000,0.3,7856
GOST Steel 10 GOST 1050-88 Cold working,Yes,410,250,206000,79000,0.3,7856
GOST Steel 10 GOST 1050-88 Annealing or high tempering,No,290,190,206000,79000,0.3,7856
GOST Steel 15 GOST 1050-88 normalized,Yes,370,225,201000,78000,0.29,7850
GOST Steel 15 GOST 1050-88 case-hardened,Yes,450,250,201000,78000,0.29,7850
GOST Steel 15 GOST 1050-88 Cold working,Yes,440,340,201000,78000,0.29,7850
GOST Steel 15 GOST 1050-88 Annealing or high tempering,Yes,340,220,201000,78000,0.29,7850
GOST Steel 20 GOST 1050-88 normalized,Yes,410,245,212000,82000,0.29,7859
GOST Steel 20 GOST 1050-88 case-hardened,Yes,500,300,212000,82000,0.29,7859
GOST Steel 20 GOST 1050-88 Cold working,Yes,490,300,212000,82000,0.29,7859
GOST Steel 20 GOST 1050-88 Annealing or high tempering,Yes,390,240,212000,82000,0.29,7859
GOST Steel 25 GOST 1050-88 normalized,Yes,450,275,198000,77000,0.29,7820
GOST Steel 25 GOST 1050-88 case-hardened,Yes,550,350,198000,77000,0.29,7820
GOST Steel 25 GOST 1050-88 Cold working,Yes,540,350,198000,77000,0.29,7820
GOST Steel 25 GOST 1050-88 Annealing or high tempering,Yes,410,270,198000,77000,0.29,7820
GOST Steel 30 GOST 1050-88 normalized,Yes,490,295,200000,77000,0.3,7850
GOST Steel 30 GOST 1050-88 Improved,Yes,600,350,200000,77000,0.3,7850
GOST Steel 30 GOST 1050-88 Cold working,Yes,560,340,200000,77000,0.3,7850
GOST Steel 30 GOST 1050-88 Annealing or high tempering,Yes,440,290,200000,77000,0.3,7850
GOST Steel 30 GOST 1050-88 Quenched and tempered,Yes,575,295,200000,77000,0.3,7850
GOST Steel 35 GOST 1050-88 normalized,Yes,530,315,206000,79000,0.3,7826
GOST Steel 35 GOST 1050-88 Improved,Yes,650,380,206000,79000,0.3,7826
GOST Steel 35 GOST 1050-88 Quenching and cooling in the water,No,1000,650,206000,79000,0.3,7826
GOST Steel 35 GOST 1050-88 Cold working,Yes,590,350,206000,79000,0.3,7826
GOST Steel 35 GOST 1050-88 Annealing or high tempering,Yes,470,310,206000,79000,0.3,7826
GOST Steel 35 GOST 1050-88 Quenched and tempered,Yes,625,315,206000,79000,0.3,7826
GOST Steel 40 GOST 1050-88 normalized,Yes,570,335,212000,82000,0.29,7850
GOST Steel 40 GOST 1050-88 Improved,No,700,400,212000,82000,0.29,7850
GOST Steel 40 GOST 1050-88 Quenching and cooling in the water,No,1000,650,212000,82000,0.29,7850
GOST Steel 40 GOST 1050-88 Cold working,Yes,610,380,212000,82000,0.29,7850
GOST Steel 40 GOST 1050-88 Annealing or high tempering,Yes,510,330,212000,82000,0.29,7850
GOST Steel 40 GOST 1050-88 Quenched and tempered,Yes,675,355,212000,82000,0.29,7850
GOST Steel 45 GOST 1050-88 normalized,Yes,600,355,200000,77000,0.3,7810
GOST Steel 45 GOST 1050-88 Improved,No,750,450,200000,77000,0.3,7810
GOST Steel 45 GOST 1050-88 Quenching and cooling in the oil,No,900,650,200000,77000,0.3,7810
GOST Steel 45 GOST 1050-88 Quenching and cooling in the water,No,1000,700,200000,77000,0.3,7810
GOST Steel 45 GOST 1050-88 Quenching and cooling in the water,No,1200,950,200000,77000,0.3,7810
GOST Steel 45 GOST 1050-88 Quenching and heating,No,750,450,200000,77000,0.3,7810
GOST Steel 45 GOST 1050-88 Cold working,Yes,640,440,200000,77000,0.3,7810
GOST Steel 45 GOST 1050-88 Annealing or high tempering,Yes,540,350,200000,77000,0.3,7810
GOST Steel 45 GOST 1050-88 Quenched and tempered,No,705,375,200000,77000,0.3,7810
GOST Steel 50 GOST 1050-88 normalized,Yes,600,355,216000,83000,0.3,7810
GOST Steel 50 GOST 1050-88 Improved,No,900,700,216000,83000,0.3,7810
GOST Steel 50 GOST 1050-88 Cold working,Yes,660,450,216000,83000,0.3,7810
GOST Steel 50 GOST 1050-88 Annealing or high tempering,Yes,560,370,216000,83000,0.3,7810
GOST Steel 50 GOST 1050-88 Quenched and tempered,No,725,400,216000,83000,0.3,7810
GOST Steel 55 GOST 1050-88 normalized,Yes,630,375,210000,81000,0.3,7820
GOST Steel 55 GOST 1050-88 Quenched and tempered,No,775,420,210000,81000,0.3,7820
GOST Steel 60 GOST 1050-88 normalized,Yes,680,400,204000,79000,0.29,7810
GOST Steel 60 GOST 1050-88 Quenched and tempered,No,825,450,204000,79000,0.29,7810
GOST Steel 20G GOST 1050-88 normalized,Yes,460,280,204000,79000,0.29,7820
GOST Steel 20G GOST 1050-88 Quenching and cooling in the water,Yes,570,420,204000,79000,0.29,7820
GOST Steel 30G GOST 1050-88 normalized,Yes,550,320,200000,77000,0.3,7810
GOST Steel 30G GOST 1050-88 Quenching and cooling in the water,No,680,560,200000,77000,0.3,7810
GOST Steel 40G GOST 1050-88 normalized,Yes,600,360,204000,79000,0.29,7810
GOST Steel 40G GOST 1050-88 Quenching and cooling in the water,No,840,590,204000,79000,0.29,7810
GOST Steel 50G GOST 1050-88 normalized,Yes,660,400,216000,84000,0.29,7810
GOST Steel 50G GOST 1050-88 Quenching and cooling in the water,No,820,560,216000,84000,0.29,7810
GOST Steel 65G GOST 1050-88 normalized,No,750,440,215000,83000,0.3,7850
GOST Steel 65G GOST 1050-88 Improved,No,900,700,215000,83000,0.3,7850
GOST Steel 65G GOST 1050-88 Quenching and cooling in the water,No,1500,1250,215000,83000,0.3,7850
GOST Steel A11 GOST 1414-75,Yes,490,390,216000,83000,0.3,7860
GOST Steel A12 GOST 1414-75,Yes,510,390,216000,83000,0.3,7860
GOST Steel A12 GOST 1414-75,Yes,460,390,216000,83000,0.3,7860
GOST Steel A20 GOST 1414-75,Yes,530,390,216000,83000,0.3,7860
GOST Steel A30 GOST 1414-75,Yes,540,390,216000,83000,0.3,7860
GOST Steel A35 GOST 1414-75,Yes,570,390,216000,83000,0.3,7860
GOST Steel 15Ch GOST 4543-71,No,690,490,206000,80000,0.29,7860
GOST Steel 20Ch GOST 4543-71,No,780,635,216000,83000,0.3,7830
GOST Steel 20Ch GOST 4543-71 normalized,Yes,600,300,216000,83000,0.3,7830
GOST Steel 20Ch GOST 4543-71 Improved,No,700,500,216000,83000,0.3,7830
GOST Steel 20Ch GOST 4543-71 Quenching and cooling in the oil,No,850,630,216000,83000,0.3,7830
GOST Steel 30Ch GOST 4543-71,No,880,685,208000,80000,0.3,7820
GOST Steel 35Ch GOST 4543-71,No,910,735,214000,83000,0.29,7850
GOST Steel 40Ch GOST 4543-71,No,980,785,214000,83000,0.29,7850
GOST Steel 40Ch GOST 4543-71 normalized,Yes,630,330,214000,83000,0.29,7850
GOST Steel 40Ch GOST 4543-71 Improved,No,800,650,214000,83000,0.29,7850
GOST Steel 40Ch GOST 4543-71 Quenching and cooling in the oil,No,1100,900,214000,83000,0.29,7850
GOST Steel 40Ch GOST 4543-71 Quenching and cooling in the oil,No,1300,1100,214000,83000,0.29,7850
GOST Steel 45Ch GOST 4543-71,No,1030,835,206000,79000,0.3,7820
GOST Steel 45Ch GOST 4543-71 normalized,Yes,650,350,206000,79000,0.3,7820
GOST Steel 45Ch GOST 4543-71 Improved,No,950,750,206000,79000,0.3,7820
GOST Steel 45Ch GOST 4543-71 Quenching and cooling in the oil,No,1400,1200,206000,79000,0.3,7820
GOST Steel 50Ch GOST 4543-71,No,1080,885,207000,80000,0.29,7860
GOST Steel 50Ch GOST 4543-71 normalized,Yes,650,350,207000,80000,0.29,7860
GOST Steel 50Ch GOST 4543-71 Quenching and cooling in the oil,No,1500,1300,207000,80000,0.29,7860
GOST Steel 10G2 GOST 4543-71 normalized,Yes,430,250,204000,79000,0.29,7790
GOST Steel 35G2 GOST 4543-71 normalized,Yes,630,370,204000,79000,0.29,7790
GOST Steel 35G2 GOST 4543-71 Quenching and cooling in the water,No,800,650,204000,79000,0.29,7790
GOST Steel 40G2 GOST 4543-71 normalized,Yes,670,390,212000,82000,0.29,7800
GOST Steel 40G2 GOST 4543-71 Quenching and cooling in the oil,No,1120,950,212000,82000,0.29,7800
GOST Steel 45G2 GOST 4543-71 normalized,No,700,410,204000,79000,0.29,7810
GOST Steel 45G2 GOST 4543-71 Quenching and cooling in the oil,No,850,700,204000,79000,0.29,7810
GOST Steel 33ChS GOST 4543-71 normalized,Yes,600,300,214000,83000,0.29,7640
GOST Steel 33ChS GOST 4543-71 Quenching and cooling in the oil,No,900,700,214000,83000,0.29,7640
GOST Steel 38ChS GOST 4543-71 Improved,No,950,750,211000,82000,0.29,7640
GOST Steel 30ChMA GOST 4543-71,No,930,735,208000,80000,0.3,7820
GOST Steel 30ChM GOST 4543-71 Quenching and cooling in the oil,No,950,750,208000,80000,0.3,7820
GOST Steel 35ChM GOST 4543-71,No,930,835,213000,82000,0.3,7820
GOST Steel 35ChM GOST 4543-71 Quenching and cooling in the oil,No,1000,850,213000,82000,0.3,7820
GOST Steel 35ChM GOST 4543-71 Quenching and cooling in the oil,No,1600,1400,213000,82000,0.3,7820
GOST Steel 18ChG GOST 4543-71 Quenching and cooling in the oil,No,800,735,213000,82000,0.3,7820
GOST Steel 18ChGT GOST 4543-71 normalized,No,700,430,211000,82000,0.29,7800
"GOST Steel 18ChGT GOST 4543-71 Case hardening,quenching and cooling in the oil",No,1000,800,211000,82000,0.29,7800
GOST Steel 30ChGT GOST 4543-71 Quenching and cooling in the oil,No,1250,1050,212000,82000,0.29,7800
"GOST Steel 30ChGT GOST 4543-71 Case hardening,quenching and cooling in the oil",No,1100,800,212000,82000,0.29,7800
GOST Steel 20ChGSA GOST 4543-71,No,780,635,213000,82000,0.3,7760
GOST Steel 20ChGSA GOST 4543-71 Quenching and cooling in the oil,No,800,650,213000,82000,0.3,7760
GOST Steel 20ChGNR GOST 4543-71 Quenching and cooling in the oil,No,1300,1200,213000,82000,0.3,7800
GOST Steel 20ChGNR GOST 4543-71 Quenching and cooling in the oil,No,1450,1400,213000,82000,0.3,7800
GOST Steel 40ChFA GOST 4543-71 Quenching and cooling in the oil,No,900,750,215000,83000,0.3,7810
GOST Steel 40ChFA GOST 4543-71 Quenching and cooling in the oil,No,1600,1300,215000,83000,0.3,7810
GOST Steel 30ChGS GOST 4543-71,No,1080,835,213000,82000,0.3,7850
GOST Steel 20ChN GOST 4543-71,No,780,590,200000,77000,0.3,7850
GOST Steel 40ChN GOST 4543-71,No,980,785,200000,77000,0.3,7850
GOST Steel 40ChN GOST 4543-71 normalized,No,780,460,200000,77000,0.3,7850
GOST Steel 40ChN GOST 4543-71 Quenching and cooling in the oil,No,1200,1000,200000,77000,0.3,7850
GOST Steel 45ChN GOST 4543-71,No,1030,835,200000,77000,0.3,7820
GOST Steel 50ChN GOST 4543-71,No,1080,885,200000,77000,0.3,7860
GOST Steel 30ChN3A GOST 4543-71,No,980,785,215000,83000,0.3,7850
GOST Steel 12ChN2 GOST 4543-71 Quenching and cooling in the oil,No,800,600,211000,82000,0.29,7880
"GOST Steel 12ChN2 GOST 4543-71 Case hardening,quenching and cooling in the oil",No,800,600,211000,82000,0.29,7880
GOST Steel 12ChN3A GOST 4543-71 Improved,No,950,700,200000,77000,0.3,7850
GOST Steel 12ChN3A GOST 4543-71 Quenching and heating,No,1000,850,200000,77000,0.3,7850
GOST Steel 20Ch2N4A GOST 4543-71 Quenching and heating,Yes,680,450,203000,78000,0.3,7850
"GOST Steel 20Ch2N4A GOST 4543-71 Case hardening,quenching and cooling in the oil",No,1100,850,203000,78000,0.3,7850
GOST Steel 20Ch2N4A GOST 4543-71 Quenching and cooling in the oil,No,1300,1100,203000,78000,0.3,7850
GOST Steel 30ChGS GOST 4543-71 Annealing,Yes,600,360,213000,82000,0.3,7850
GOST Steel 30ChGSA GOST 4543-71 Improved,No,1100,850,215000,83000,0.3,7850
GOST Steel 30ChGSA GOST 4543-71 Quenching and cooling in the oil,No,1500,1300,215000,83000,0.3,7850
GOST Steel 38Ch210 GOST 4543-71 Quenching and cooling in the oil,No,800,700,215000,83000,0.3,7850
GOST Steel 38ChA GOST 4543-71 Quenched and tempered,No,930,785,206000,80000,0.29,7860
GOST Steel 38Ch2MJuA GOST 4543-71,No,980,835,206000,80000,0.3,7860
GOST Steel 12MCh GOST 20072-74,Yes,410,235,212000,82000,0.29,7850
GOST Steel 12Ch1MF GOST 20072-74,Yes,470,255,198000,77000,0.29,7800
GOST Steel 20Ch1M1F1TR GOST 20072-74,No,780,665,200000,77000,0.3,7800
GOST Steel 20Ch1M1F1BR GOST 20072-74,No,780,665,200000,77000,0.3,7800
GOST Steel 25Ch1MF GOST 20072-74,No,880,735,213000,82000,0.3,7840
GOST Steel 25Ch1MF GOST 20072-74,No,780,665,213000,82000,0.3,7840
GOST Steel 18Ch3MV GOST 20072-74,Yes,640,440,200000,77000,0.3,7850
GOST Steel 20Ch3MVF GOST 20072-74,No,880,735,207000,80000,0.29,7800
GOST Steel 15Ch5 GOST 20072-74,No,390,165,215000,83000,0.3,7630
GOST Steel 15Ch5M GOST 20072-74,Yes,390,215,211000,82000,0.29,7750
GOST Steel 15Ch5VF GOST 20072-74,Yes,390,215,200000,77000,0.3,7850
GOST Steel 12Ch8VF GOST 20072-74,No,390,165,200000,77000,0.3,7850
GOST Steel 13Ch14N3V2FR GOST 5949-75,No,930,735,200000,77000,0.3,7850
GOST Steel 13Ch14N3V2FR GOST 5949-75,No,1130,885,200000,77000,0.3,7850
GOST Steel 10Ch11N23T3MR GOST 5949-75,No,880,590,200000,77000,0.3,8120
GOST Steel 10Ch11N23T3MR GOST 5949-75,No,980,685,200000,77000,0.3,8120
GOST Steel 12Ch18N10T GOST 5949-75,No,510,196,215000,83000,0.3,7630
GOST Steel 12Ch18N9T GOST 5949-75,No,540,196,195000,75000,0.3,7900
GOST Steel 12Ch18N12T GOST 5949-75,No,540,196,200000,77000,0.3,7850
GOST Steel 12Ch25N16G7AR GOST 5949-75,No,690,325,216000,84000,0.29,7670
GOST Steel 20 GOST 1577-93 normalized,Yes,475,230,206000,80000,0.29,7860
GOST Steel 20 GOST 1577-93 normalized,No,450,210,206000,80000,0.29,7860
GOST Steel 20 GOST 1577-93 Quenched and tempered,Yes,625,350,206000,80000,0.29,7860
GOST Steel 20 GOST 1577-93 Quenched and tempered,Yes,575,300,206000,80000,0.29,7860
GOST Steel 25 GOST 1577-93 normalized,Yes,495,260,206000,80000,0.29,7860
GOST Steel 25 GOST 1577-93 normalized,Yes,495,240,206000,80000,0.29,7860
GOST Steel 25 GOST 1577-93 normalized,Yes,475,220,206000,80000,0.29,7860
GOST Steel 25 GOST 1577-93 Quenched and tempered,Yes,625,370,206000,80000,0.29,7860
GOST Steel 25 GOST 1577-93 Quenched and tempered,Yes,575,320,206000,80000,0.29,7860
GOST Steel 30 GOST 1577-93 normalized,Yes,540,280,206000,80000,0.29,7860
GOST Steel 30 GOST 1577-93 normalized,Yes,540,250,206000,80000,0.29,7860
GOST Steel 30 GOST 1577-93 normalized,Yes,520,230,206000,80000,0.29,7860
GOST Steel 30 GOST 1577-93 Quenched and tempered,Yes,675,400,206000,80000,0.29,7860
GOST Steel 30 GOST 1577-93 Quenched and tempered,Yes,625,350,206000,80000,0.29,7860
GOST Steel 30 GOST 1577-93 Quenched and tempered,Yes,575,300,206000,80000,0.29,7860
GOST Steel 35 GOST 1577-93 normalized,Yes,575,300,206000,80000,0.29,7860
GOST Steel 35 GOST 1577-93 normalized,Yes,575,270,206000,80000,0.29,7860
GOST Steel 35 GOST 1577-93 normalized,Yes,555,245,206000,80000,0.29,7860
GOST Steel 35 GOST 1577-93 Quenched and tempered,No,705,430,206000,80000,0.29,7860
GOST Steel 35 GOST 1577-93 Quenched and tempered,Yes,675,370,206000,80000,0.29,7860
GOST Steel 35 GOST 1577-93 Quenched and tempered,Yes,625,320,206000,80000,0.29,7860
GOST Steel 40 GOST 1577-93 normalized,Yes,625,320,206000,80000,0.29,7860
GOST Steel 40 GOST 1577-93 normalized,Yes,625,290,206000,80000,0.29,7860
GOST Steel 40 GOST 1577-93 normalized,Yes,605,260,206000,80000,0.29,7860
GOST Steel 40 GOST 1577-93 Quenched and tempered,No,725,460,206000,80000,0.29,7860
GOST Steel 40 GOST 1577-93 Quenched and tempered,No,705,400,206000,80000,0.29,7860
GOST Steel 40 GOST 1577-93 Quenched and tempered,Yes,675,350,206000,80000,0.29,7860
GOST Steel 45 GOST 1577-93 normalized,Yes,675,340,206000,80000,0.29,7860
GOST Steel 45 GOST 1577-93 normalized,Yes,675,305,206000,80000,0.29,7860
GOST Steel 45 GOST 1577-93 normalized,Yes,655,275,206000,80000,0.29,7860
GOST Steel 45 GOST 1577-93 Quenched and tempered,No,775,500,206000,80000,0.29,7860
GOST Steel 45 GOST 1577-93 Quenched and tempered,No,725,430,206000,80000,0.29,7860
GOST Steel 45 GOST 1577-93 Quenched and tempered,No,705,370,206000,80000,0.29,7860
GOST Steel 50 GOST 1577-93 normalized,No,710,355,206000,80000,0.29,7860
GOST Steel 50 GOST 1577-93 normalized,No,710,320,206000,80000,0.29,7860
GOST Steel 50 GOST 1577-93 normalized,No,690,290,206000,80000,0.29,7860
GOST Steel 50 GOST 1577-93 Quenched and tempered,No,825,520,206000,80000,0.29,7860
GOST Steel 50 GOST 1577-93 Quenched and tempered,No,775,460,206000,80000,0.29,7860
GOST Steel 50 GOST 1577-93 Quenched and tempered,No,725,400,206000,80000,0.29,7860
GOST Steel 55 GOST 1577-93 normalized,No,750,370,206000,80000,0.29,7860
GOST Steel 55 GOST 1577-93 normalized,No,750,330,206000,80000,0.29,7860
GOST Steel 55 GOST 1577-93 normalized,No,730,300,206000,80000,0.29,7860
GOST Steel 55 GOST 1577-93 Quenched and tempered,No,875,550,206000,80000,0.29,7860
GOST Steel 55 GOST 1577-93 Quenched and tempered,No,825,500,206000,80000,0.29,7860
GOST Steel 55 GOST 1577-93 Quenched and tempered,No,775,430,206000,80000,0.29,7860
GOST Steel 60 GOST 1577-93 normalized,No,785,380,206000,80000,0.29,7860
GOST Steel 60 GOST 1577-93 normalized,No,785,340,206000,80000,0.29,7860
GOST Steel 60 GOST 1577-93 normalized,No,755,310,206000,80000,0.29,7860
GOST Steel 60 GOST 1577-93 Quenched and tempered,No,925,580,206000,80000,0.29,7860
GOST Steel 60 GOST 1577-93 Quenched and tempered,No,875,520,206000,80000,0.29,7860
GOST Steel 60 GOST 1577-93 Quenched and tempered,No,825,450,206000,80000,0.29,7860
GOST Steel 30Ch GOST 1577-93 Quenched and tempered,No,925,650,206000,80000,0.29,7860
GOST Steel 30Ch GOST 1577-93 Quenched and tempered,No,825,550,206000,80000,0.29,7860
GOST Steel 30Ch GOST 1577-93 Quenched and tempered,No,725,410,206000,80000,0.29,7860
GOST Steel 38ChA GOST 1577-93 Quenched and tempered,No,1050,750,206000,80000,0.29,7860
GOST Steel 38ChA GOST 1577-93 Quenched and tempered,No,925,630,206000,80000,0.29,7860
GOST Steel 38ChA GOST 1577-93 Quenched and tempered,No,825,510,206000,80000,0.29,7860
GOST Steel 40Ch GOST 1577-93 Quenched and tempered,No,1100,800,206000,80000,0.29,7860
GOST Steel 40Ch GOST 1577-93 Quenched and tempered,No,1000,660,206000,80000,0.29,7860
GOST Steel 40Ch GOST 1577-93 Quenched and tempered,No,875,560,206000,80000,0.29,7860
GOST Steel 15L GOST 977-88 normalized,No,392,196,200000,77000,0.3,7820
GOST Steel 20L GOST 977-88 normalized,Yes,412,216,200000,77000,0.3,7820
GOST Steel 25L GOST 977-88 normalized,Yes,441,235,205000,79000,0.3,7830
GOST Steel 30L GOST 977-88 normalized,Yes,471,255,210000,81000,0.3,7810
GOST Steel 35L GOST 977-88 normalized,Yes,491,275,212000,82000,0.29,7830
GOST Steel 40L GOST 977-88 normalized,Yes,520,294,215000,83000,0.3,7810
GOST Steel 45L GOST 977-88 normalized,Yes,540,314,215000,83000,0.3,7800
GOST Steel 50L GOST 977-88 normalized,No,569,334,219000,85000,0.29,7820
GOST Steel 20GL GOST 977-88 normalized,Yes,540,275,200000,77000,0.3,7820
GOST Steel 35GL GOST 977-88 normalized,Yes,540,294,200000,77000,0.3,7820
GOST Steel 35GL GOST 977-88 Quenching and cooling in the water,Yes,589,343,200000,77000,0.3,7820
GOST Steel 20GSL GOST 977-88 normalized,Yes,540,294,200000,77000,0.3,7820
GOST Steel 30GSL GOST 977-88 normalized,Yes,589,343,200000,77000,0.3,7820
GOST Steel 30GSL GOST 977-88 Quenching and cooling in the water,Yes,638,392,200000,77000,0.3,7820
GOST Steel 20G1FL GOST 977-88 normalized,Yes,510,314,200000,77000,0.3,7820
GOST Steel 20FL GOST 977-88 normalized,Yes,491,294,200000,77000,0.3,7820
GOST Steel 30ChGSFL GOST 977-88 normalized,Yes,589,392,200000,77000,0.3,7820
GOST Steel 45FL GOST 977-88 normalized,Yes,589,392,200000,77000,0.3,7820
GOST Steel 20ChML GOST 977-88 normalized,Yes,441,245,215000,83000,0.3,7800
GOST Steel 20ChMFL GOST 977-88 normalized,Yes,491,275,200000,77000,0.3,7820
GOST Steel 20GNMFL GOST 977-88 normalized,Yes,589,491,200000,77000,0.3,7820
GOST Steel 35ChML GOST 977-88 normalized,Yes,589,392,215000,83000,0.3,7840
GOST Steel 30ChNML GOST 977-88 normalized,No,687,540,200000,77000,0.3,7820
GOST Steel 35ChGSL GOST 977-88 normalized,Yes,589,343,215000,83000,0.3,7800
GOST Steel 35ChGSL GOST 977-88 Quenching and cooling in the water,No,785,589,215000,83000,0.3,7800
GOST Steel 20DChL GOST 977-88 normalized,Yes,491,392,200000,77000,0.3,7820
GOST Steel 08GDNFL GOST 977-88 normalized,Yes,441,343,212000,82000,0.29,7820
GOST Steel 13ChNDFTL GOST 977-88 normalized,Yes,491,392,200000,77000,0.3,7820
GOST Steel 12DN2FL GOST 977-88 normalized,No,638,540,200000,77000,0.3,7820
GOST Steel 25L GOST 977-88 Quenched and tempered,Yes,491,294,205000,79000,0.3,7830
GOST Steel 30L GOST 977-88 Quenched and tempered,Yes,491,294,205000,79000,0.3,7810
GOST Steel 35L GOST 977-88 Quenched and tempered,Yes,540,343,205000,79000,0.3,7830
GOST Steel 40L GOST 977-88 Quenched and tempered,Yes,540,343,205000,79000,0.3,7810
GOST Steel 45L GOST 977-88 Quenched and tempered,Yes,589,392,205000,79000,0.3,7800
GOST Steel 50L GOST 977-88 Quenched and tempered,No,736,392,205000,79000,0.3,7820
GOST Steel 20GL GOST 977-88 Quenched and tempered,Yes,530,334,205000,79000,0.3,7820
GOST Steel 35GL GOST 977-88 Quenched and tempered,Yes,589,343,200000,77000,0.3,7820
GOST Steel 30GSL GOST 977-88 Quenched and tempered,Yes,638,392,200000,77000,0.3,7820
GOST Steel 30ChGSFL GOST 977-88 Quenched and tempered,No,785,589,200000,77000,0.3,7820
GOST Steel 30ChGSFL GOST 977-88 Quenched and tempered,No,687,491,200000,77000,0.3,7820
GOST Steel 45FL GOST 977-88 Quenched and tempered,Yes,638,441,200000,77000,0.3,7820
GOST Steel 32Ch06L GOST 977-88 Quenched and tempered,Yes,638,491,205000,79000,0.3,7850
GOST Steel 20GNMFL GOST 977-88 Quenched and tempered,No,687,589,200000,77000,0.3,7820
GOST Steel 35ChML GOST 977-88 Quenched and tempered,No,687,540,205000,79000,0.3,7840
GOST Steel 30ChNML GOST 977-88 Quenched and tempered,No,785,638,205000,79000,0.3,7820
GOST Steel 35ChGSL GOST 977-88 Quenched and tempered,No,785,589,205000,79000,0.3,7800
GOST Steel 35NGML GOST 977-88 Quenched and tempered,No,736,589,200000,77000,0.3,7820
GOST Steel 20DChL GOST 977-88 Quenched and tempered,No,638,540,200000,77000,0.3,7820
GOST Steel 12DN2FL GOST 977-88 Quenched and tempered,No,785,638,200000,77000,0.3,7820
GOST Steel 12DChN1MFL GOST 977-88 Quenched and tempered,No,981,735,200000,77000,0.3,7820
GOST Steel 23ChGS2MFL GOST 977-88 Quenched and tempered,No,1275,1079,200000,77000,0.3,7820
GOST Steel 12Ch7G3SL GOST 977-88 Quenched and tempered,No,1324,1079,200000,77000,0.3,7820
GOST Steel 25Ch2GNMFL1 GOST 977-88 Quenched and tempered,Yes,638,491,200000,77000,0.3,7820
GOST Steel 25Ch2GNMFL2 GOST 977-88 Quenched and tempered,No,1275,1079,200000,77000,0.3,7820
GOST Steel 27Ch5GSML GOST 977-88 Quenched and tempered,No,1472,1177,200000,77000,0.3,7820
GOST Steel 30Ch3S3GML GOST 977-88 Quenched and tempered,No,1766,1472,200000,77000,0.3,7820
GOST Steel 03N12Ch5M3TL GOST 977-88 Quenched and tempered,No,1324,1275,200000,77000,0.3,7820
GOST Steel 03N12Ch5M3TJuL GOST 977-88 Quenched and tempered,No,1472,1422,200000,77000,0.3,7820
GOST Steel 40ChL GOST 977-88 Quenching and cooling in the oil,No,638,491,219000,85000,0.29,7840
GOST Steel 50ChFA GOST 14959-79 heat treated,No,1270,1080,206000,80000,0.3,7860
GOST Steel 55S2 GOST 14959-79 heat treated,No,1270,1175,206000,80000,0.3,7860
GOST Steel 50ChGA GOST 14959-79 heat treated,No,1270,1175,206000,80000,0.3,7860
GOST Steel 50ChGFA GOST 14959-79 heat treated,No,1420,1325,206000,80000,0.3,7860
GOST Grey cast iron 10 GOST1412-85,No,100,50,90000,36000,0.25,6800
GOST Grey cast iron 15 GOST1412-85,No,150,75,90000,36000,0.25,7000
GOST Grey cast iron 18 GOST1412-85,No,180,90,95000,38000,0.25,7050
GOST Grey cast iron 20 GOST1412-85,No,200,100,100000,40000,0.25,7100
GOST Grey cast iron 21 GOST1412-85,No,210,105,100000,40000,0.25,7150
GOST Grey cast iron 24 GOST1412-85,No,240,120,105000,42000,0.25,7200
GOST Grey cast iron 25 GOST1412-85,No,250,125,110000,44000,0.25,7200
GOST Grey cast iron 30 GOST1412-85,No,300,150,120000,48000,0.25,7300
GOST Grey cast iron 35 GOST1412-85,No,350,175,125000,50000,0.25,7400
GOST Nodular cast iron 35 GOST7293-85,No,350,220,170000,70000,0.21,7160
GOST Nodular cast iron 40 GOST7293-85,No,400,250,170000,70000,0.21,7160
GOST Nodular cast iron 45 GOST7293-85,No,450,310,170000,70000,0.21,7160
GOST Nodular cast iron 50 GOST7293-85,No,500,320,170000,70000,0.21,7160
GOST Nodular cast iron 60 GOST7293-85,No,600,370,180000,75000,0.2,7160
GOST Nodular cast iron 70 GOST7293-85,No,700,420,180000,75000,0.2,7160
GOST Nodular cast iron 80 GOST7293-85,No,800,480,180000,75000,0.2,7160
GOST Nodular cast iron 100 GOST7293-85,No,1000,700,185000,77000,0.2,7160
GOST Malleable cast iron 30-6,No,294,170,160000,64000,0.25,7160
GOST Malleable cast iron 33-8,No,323,190,160000,64000,0.25,7160
GOST Malleable cast iron 35-10,No,333,190,160000,64000,0.25,7160
GOST Malleable cast iron 37-12,No,362,210,160000,64000,0.25,7160
GOST Malleable cast iron 45-7,No,441,260,160000,64000,0.25,7160
GOST Malleable cast iron 50-5,No,490,290,160000,64000,0.25,7160
GOST Malleable cast iron 55-4,No,539,325,160000,64000,0.25,7160
GOST Malleable cast iron 60-3,No,588,350,160000,64000,0.25,7160
GOST Malleable cast iron 65-3,No,637,380,160000,64000,0.25,7160
GOST Malleable cast iron 70-2,No,686,410,160000,64000,0.25,7160
GOST Malleable cast iron 80-1.5,No,784,470,160000,64000,0.25,7160
GOST Malleable cast iron 40,No,400,180,160000,64000,0.25,7160
NF NF 13MF4,Yes,360,240,206000,80000,0.3,7860
NF NF 35MF6,Yes,630,370,206000,80000,0.3,7860
NF NF XE,No,270,180,206000,80000,0.3,7860
NF NF ZE,No,270,240,206000,80000,0.3,7860
NF NF ZES,No,270,225,206000,80000,0.3,7860
NF NF A34-2,No,330,155,206000,80000,0.3,7860
NF NF A37CP,Yes,360,235,206000,80000,0.3,7860
NF NF A42CP,Yes,410,255,206000,80000,0.3,7860
NF NF E24-2,Yes,340,215,206000,80000,0.3,7860
NF NF E24-3,Yes,340,215,206000,80000,0.3,7860
NF NF E28-2,Yes,400,275,206000,80000,0.3,7860
NF NF E28-4,Yes,400,255,206000,80000,0.3,7860
NF NF A50-2,Yes,490,295,206000,80000,0.3,7860
NF NF E36-3,Yes,490,355,206000,80000,0.3,7860
NF NF E36-4,Yes,490,355,206000,80000,0.3,7860
NF NF A60-2,Yes,590,335,206000,80000,0.3,7860
NF NF A70-2,No,690,365,206000,80000,0.3,7860
NF NF XC10,Yes,490,350,206000,80000,0.3,7860
NF NF XC12,No,690,500,206000,80000,0.3,7860
NF NF XC18,Yes,440,270,206000,80000,0.3,7860
NF NF XC25,Yes,490,305,206000,80000,0.3,7860
NF NF XC32,Yes,570,365,206000,80000,0.3,7860
NF NF XC38H1,Yes,630,400,206000,80000,0.3,7860
NF NF XC42TS,Yes,670,430,206000,80000,0.3,7860
NF NF XC42H1,Yes,670,430,206000,80000,0.3,7860
NF NF XC48H1 heat treated,No,710,460,206000,80000,0.3,7860
NF NF XC42TS,Yes,670,430,206000,80000,0.3,7860
NF NF XC55H1,No,750,490,206000,80000,0.3,7860
NF NF 52M4TS,No,710,410,206000,80000,0.3,7860
NF NF XC55H1,No,750,490,206000,80000,0.3,7860
NF NF A48CP,Yes,470,290,206000,80000,0.3,7860
NF NF 35M5,No,670,500,206000,80000,0.3,7860
NF NF 51S7 heat treated,No,1500,1350,206000,80000,0.3,7860
NF NF 32C4,No,780,590,206000,80000,0.3,7860
NF NF 38C4,No,830,620,206000,80000,0.3,7860
NF NF 42C4,No,880,600,206000,80000,0.3,7860
NF NF 35CD4TS,No,880,715,206000,80000,0.3,7860
NF NF 42C4TS,No,880,685,206000,80000,0.3,7860
NF NF 16MC5 case-hardened,No,980,700,206000,80000,0.3,7860
NF NF 20MC5 case-hardened,No,1200,850,206000,80000,0.3,7860
NF NF 55C3 heat treated,No,1370,1180,206000,80000,0.3,7860
NF NF 15D3,Yes,440,270,206000,80000,0.3,7860
NF NF 15CD405,Yes,450,295,206000,80000,0.3,7860
NF NF 25CD4,No,780,600,206000,80000,0.3,7860
NF NF 34CD4,No,880,700,206000,80000,0.3,7860
NF NF 42CD4 heat treated,No,980,770,206000,80000,0.3,7860
NF NF 42CD4TS face hardened,No,980,815,206000,80000,0.3,7860
NF NF 50CV4 heat treated,No,1320,1125,206000,80000,0.3,7860
NF NF 40CAD612 nitrided,No,900,720,206000,80000,0.3,7860
NF NF 30CD12 heat treated,No,1030,810,206000,80000,0.3,7860
NF NF 30CD12 nitrided,No,980,770,206000,80000,0.3,7860
NF NF 16NC6 case-hardened,No,1100,800,206000,80000,0.3,7860
NF NF 18NCD6 case-hardened,No,1200,850,206000,80000,0.3,7860
NF NF 30CND8 heat treated,No,1030,850,206000,80000,0.3,7860
NF NF Z6C13,Yes,420,225,206000,80000,0.3,7860
NF NF Z12C13,Yes,630,440,206000,80000,0.3,7860
NF NF Z20C13,No,730,540,206000,80000,0.3,7860
NF NF Z30C13,No,830,635,206000,80000,0.3,7860
NF NF Z8C17,Yes,440,245,206000,80000,0.3,7860
NF NF Z8CA7,Yes,440,240,206000,80000,0.3,7860
NF NF Z45CS9,No,900,700,206000,80000,0.3,7860
NF NF Z6CA13,Yes,420,225,206000,80000,0.3,7860
NF NF Z10C13,Yes,590,410,206000,80000,0.3,7860
NF NF Z85CDMV1802,No,1000,800,206000,80000,0.3,7860
NF NF Z6CN1809,No,510,195,206000,80000,0.3,7860
NF NF Z6CNT1810,No,510,205,206000,80000,0.3,7860
NF NF Z6CNT1812,No,510,205,206000,80000,0.3,7860
NF NF Z2CN1810,No,450,185,206000,80000,0.3,7860
NF NF Z15CN2413,Yes,540,240,206000,80000,0.3,7860
NF NF Z12NCS3516,Yes,590,240,206000,80000,0.3,7860
NF NF Z12CN2520,Yes,540,240,206000,80000,0.3,7860
NF NF Z12CNS2520,Yes,540,240,206000,80000,0.3,7860
NF NF Z15CN2413,Yes,540,240,206000,80000,0.3,7860
NF NF Z12CNS2520,Yes,540,240,206000,80000,0.3,7860
NF NF Z6CND1711,No,530,205,206000,80000,0.3,7860
NF NF Z6CNDT1712,Yes,490,216,206000,80000,0.3,7860
NF NF Z2CND1712,No,470,186,206000,80000,0.3,7860
NF NF Z2CND1713,No,480,195,206000,80000,0.3,7860
NF NF Z6CND1712,No,530,205,206000,80000,0.3,7860
NF NF Z52CMN2109,No,950,600,206000,80000,0.3,7860
NF Grey cast iron,No,150,150,85000,34000,0.25,7160
NF Grey cast iron,No,200,200,85000,34000,0.25,7160
NF Grey cast iron,No,250,250,85000,34000,0.25,7160
NF Grey cast iron,No,300,300,85000,34000,0.25,7160
NF Grey cast iron,No,350,350,85000,34000,0.25,7160
NF Nodular cast iron,No,500,320,169000,70000,0.2,7160
NF Nodular cast iron,No,600,370,169000,70000,0.2,7160
NF Nodular cast iron,No,700,420,169000,70000,0.2,7160
NF Nodular cast iron,No,800,480,169000,70000,0.2,7160
NF Malleable cast iron,No,400,180,160000,64000,0.27,7160
NF Malleable cast iron,No,500,260,160000,64000,0.27,7160
JIS JIS SUM22,Yes,460,375,206000,80000,0.3,7860
JIS JIS SS330,No,360,195,206000,80000,0.3,7860
JIS JIS STKM13B,Yes,440,305,206000,80000,0.3,7860
JIS JIS STKM12A,No,340,175,206000,80000,0.3,7860
JIS JIS STKM12C,Yes,470,355,206000,80000,0.3,7860
JIS JIS SS400,Yes,400,235,206000,80000,0.3,7860
JIS JIS SS490,Yes,490,275,206000,80000,0.3,7860
JIS JIS SM52OC,Yes,520,335,206000,80000,0.3,7860
JIS JIS SM52OB,Yes,520,335,206000,80000,0.3,7860
JIS JIS STKM16A,Yes,510,325,206000,80000,0.3,7860
JIS JIS STKM16C,Yes,620,460,206000,80000,0.3,7860
JIS JIS SM570,Yes,570,450,206000,80000,0.3,7860
JIS JIS S10C,Yes,420,300,206000,80000,0.3,7860
JIS JIS S15C,Yes,440,340,206000,80000,0.3,7860
JIS JIS S22C,Yes,420,250,206000,80000,0.3,7860
JIS JIS S25C,Yes,480,300,206000,80000,0.3,7860
JIS JIS S30C,Yes,540,340,206000,80000,0.3,7860
JIS JIS S35C,Yes,600,370,206000,80000,0.3,7860
JIS JIS S40C,Yes,630,400,206000,80000,0.3,7860
JIS JIS S45C,Yes,650,430,206000,80000,0.3,7860
JIS JIS S50C,No,700,460,206000,80000,0.3,7860
JIS JIS S55C,No,750,500,206000,80000,0.3,7860
JIS JIS S58C,No,780,510,206000,80000,0.3,7860
JIS JIS SMn433,No,700,490,206000,80000,0.3,7860
JIS JIS SCr430,No,770,570,206000,80000,0.3,7860
JIS JIS SCr435,No,800,600,206000,80000,0.3,7860
JIS JIS SCr440,No,880,640,206000,80000,0.3,7860
JIS JIS SMnC420,No,980,680,206000,80000,0.3,7860
JIS JIS SUP9 heat treated,No,1226,1079,206000,80000,0.3,7860
JIS JIS SCM430,No,830,630,206000,80000,0.3,7860
JIS JIS SCM435,No,880,660,206000,80000,0.3,7860
JIS JIS SCM440,No,930,735,206000,80000,0.3,7860
JIS JIS SCM445,No,860,680,206000,80000,0.3,7860
JIS JIS SUP10,No,1226,1079,206000,80000,0.3,7860
JIS JIS SNC815,No,930,680,206000,80000,0.3,7860
JIS JIS SNCM815,No,1100,800,206000,80000,0.3,7860
JIS JIS SNCM447,No,1100,900,206000,80000,0.3,7860
JIS JIS SNCM630,No,1200,1000,206000,80000,0.3,7860
JIS JIS SUS403,Yes,588,392,206000,80000,0.3,7860
JIS JIS SUS405,No,412,177,206000,80000,0.3,7860
JIS JIS SUS410,Yes,539,343,206000,80000,0.3,7860
JIS JIS SUS420J1,Yes,637,441,206000,80000,0.3,7860
JIS JIS SUS420J2,No,735,539,206000,80000,0.3,7860
JIS JIS SUS430,No,430,205,206000,80000,0.3,7860
JIS JIS SUS431,No,785,588,206000,80000,0.3,7860
JIS JIS SUS304,No,520,205,206000,80000,0.3,7860
JIS JIS SUS303,No,520,205,206000,80000,0.3,7860
JIS JIS SUS316,No,520,205,206000,80000,0.3,7860
JIS JIS SUS316L,No,480,175,206000,80000,0.3,7860
JIS JIS SUS321,No,520,205,206000,80000,0.3,7860
JIS JIS SUS304L,No,480,175,206000,80000,0.3,7860
JIS JIS SUS3093,No,520,205,206000,80000,0.3,7860
JIS JIS SUH1,No,930,685,206000,80000,0.3,7860
JIS JIS SUH330,No,560,205,206000,80000,0.3,7860
JIS JIS SUH310,No,590,205,206000,80000,0.3,7860
JIS JIS SUH35,No,880,560,206000,80000,0.3,7860
JIS Grey cast iron,No,150,150,85000,34000,0.25,7160
JIS Grey cast iron,No,200,200,85000,34000,0.25,7160
JIS Grey cast iron,No,250,250,85000,34000,0.25,7160
JIS Grey cast iron,No,300,300,85000,34000,0.25,7160
JIS Grey cast iron,No,350,350,85000,34000,0.25,7160
JIS Nodular cast iron,No,500,320,169000,70000,0.2,7160
JIS Nodular cast iron,No,600,370,169000,70000,0.2,7160
JIS Nodular cast iron,No,700,420,169000,70000,0.2,7160
JIS Nodular cast iron,No,800,480,169000,70000,0.2,7160
JIS Malleable cast iron,No,400,180,160000,64000,0.27,7160
JIS Malleable cast iron,No,500,260,160000,64000,0.27,7160
